role,SID,NAME,horizon,ISO_TIME,origin_lat,origin_lon,true_lat,true_lon,best_competitor_at_horizon,sece_v2_phase3_lat,sece_v2_phase3_lon,stacking_ensemble_lat,stacking_ensemble_lon,persistence_residual_cascade_lat,persistence_residual_cascade_lon,random_forest_lat,random_forest_lon,lightgbm_lat,lightgbm_lon,xgboost_lat,xgboost_lon,catboost_lat,catboost_lon,cbplusmotionnn_lat,cbplusmotionnn_lon
era5_helped_24h_48h,2010137N10090,LAILA (2010),3h,2010-05-16 21:00:00,10.2,90.1,10.5,89.7,Random Forest,10.54671483990702,89.72363310469318,10.532534272520884,89.71781630614657,10.56704748461277,89.7881085567149,10.534999999999998,89.71866666666666,10.562150026653327,89.7346143122714,10.54436584,89.73992763,10.539697404679332,89.78144153698425,10.553819758077404,89.75279621331933
era5_helped_24h_48h,2010137N10090,LAILA (2010),3h,2010-05-17 00:00:00,10.5,89.7,10.7,89.3,Random Forest,10.789066919140087,89.2542324155132,10.799622617591043,89.25994433035207,10.78196234048546,89.29360313300506,10.800666666666666,89.26333333333334,10.787056491679285,89.2799125705136,10.78545314,89.28497468,10.776678543420962,89.29533751199814,10.769037978939854,89.2582134530204
era5_helped_24h_48h,2010137N10090,LAILA (2010),3h,2010-05-17 03:00:00,10.7,89.3,10.8,88.7,Random Forest,10.84547436849262,88.74938367344012,10.834133022559028,88.75755247605326,10.863484440397583,88.87275273053623,10.831666666666667,88.76266666666666,10.863960978881472,88.79531727804931,10.86603968,88.82150007999999,10.884496777170883,88.8307739493302,10.856961974060827,88.75158380012961
era5_helped_24h_48h,2010137N10090,LAILA (2010),3h,2010-05-17 06:00:00,10.8,88.7,11.0,88.3,Random Forest,11.018352930144175,88.25846426763167,11.023772237252693,88.25203659618889,10.99593829811057,88.14374582323482,11.027000000000001,88.24566666666666,11.027442062922598,88.24053097122174,10.99821167,88.23285605000001,10.939099667230872,88.2180882361578,11.004077109020885,88.2917568848568
era5_helped_24h_48h,2010137N10090,LAILA (2010),3h,2010-05-17 09:00:00,11.0,88.3,11.2,87.9,Random Forest,11.254511280526584,87.87762531811502,11.253709581902626,87.87154322059872,11.204110444961524,87.89104380071831,11.254333333333333,87.87133333333333,11.198160407546451,87.89278821611894,11.1993373,87.89843537,11.197663159434253,87.8949625264902,11.252200115687682,87.90926922788792
era5_helped_24h_48h,2010137N10090,LAILA (2010),3h,2010-05-17 12:00:00,11.2,87.9,11.4,87.6,Random Forest,11.400845172284429,87.57727877895574,11.41213581388247,87.58390106960239,11.398830686895558,87.51090988899074,11.41,87.58433333333333,11.391301657943089,87.56125740893376,11.39709544,87.55676790000001,11.381749455666988,87.53831818446079,11.384535237571264,87.57417824521777
era5_helped_24h_48h,2010137N10090,LAILA (2010),3h,2010-05-17 15:00:00,11.4,87.6,11.6,87.2,Random Forest,11.548243049562428,87.19662429685859,11.532678816690119,87.19650784833776,11.563222873271563,87.27507356984496,11.529,87.19633333333333,11.563173253521564,87.21175513376662,11.565824150000001,87.22170604,11.585007991236644,87.25487171379206,11.565889098277998,87.21304755449432
era5_helped_24h_48h,2010137N10090,LAILA (2010),3h,2010-05-17 18:00:00,11.6,87.2,11.7,86.8,Random Forest,11.642678308181187,86.83588811212444,11.630878073155316,86.85544883343978,11.730598373533327,86.80798324054528,11.628,86.85466666666667,11.725329610474208,86.83156022722275,11.7176721,86.83325438,11.727016220226501,86.80960343990017,11.654093468217345,86.80307038901853
era5_helped_24h_48h,2010137N10090,LAILA (2010),3h,2010-05-17 21:00:00,11.7,86.8,11.8,86.3,Random Forest,11.776873990695874,86.2240126558538,11.77711939699897,86.24198772105206,11.774735280714873,86.34299921498473,11.779,86.24333333333333,11.779801861349592,86.28270397032686,11.778968939999999,86.30271757999999,11.797622893880554,86.30656663765568,11.77336690675516,86.20344412165363
era5_helped_24h_48h,2010137N10090,LAILA (2010),3h,2010-05-18 00:00:00,11.8,86.3,12.1,85.4,Random Forest,12.07920993144836,85.44062069129403,12.066456600714265,85.44129271914767,12.030054873161268,85.69715487907916,12.06,85.43666666666667,12.03344420240999,85.5502239934225,12.013035720000001,85.6034452,11.968416974402187,85.64017325288707,12.095523820703436,85.47327820836558
era5_helped_24h_48h,2010137N10090,LAILA (2010),3h,2010-05-18 03:00:00,12.1,85.4,12.5,84.6,Random Forest,12.506767033967884,84.56416375170727,12.491436413826529,84.57045827976394,12.455558378840317,84.50163919328541,12.497666666666667,84.56333333333333,12.426296209259426,84.57552844811636,12.439600859999999,84.59786143000001,12.401175925152597,84.60964513373133,12.516066563121171,84.58237917640369
era5_helped_24h_48h,2010137N10090,LAILA (2010),3h,2010-05-18 06:00:00,12.5,84.6,12.9,84.0,Random Forest,12.853845833655711,83.92465696890828,12.849371879030265,83.93464883328194,12.882583675680053,83.85090017172675,12.858,83.941,12.871572089120699,83.93861375143722,12.866502,83.9334482,12.828223698669827,83.91026681757388,12.844376388931625,83.9274773915337
era5_helped_24h_48h,2010137N10090,LAILA (2010),3h,2010-05-18 09:00:00,12.9,84.0,13.1,83.5,Random Forest,13.147935614451416,83.45503747747411,13.138624135866355,83.46688879208827,13.241329294807478,83.47176820038929,13.136666666666667,83.471,13.194771391908011,83.43972580672666,13.1982009,83.4542646,13.194805644019162,83.44100192208424,13.152862681122707,83.4481658123114
era5_helped_24h_48h,2010137N10090,LAILA (2010),3h,2010-05-18 12:00:00,13.1,83.5,13.1,83.0,Random Forest,13.130773414754472,83.01609432867745,13.113176854170971,83.02252283697918,13.30732887986273,83.01973329723398,13.104333333333333,83.025,13.234531428030996,83.01870170311419,13.23159236,83.02600446,13.234231803544189,83.01648407732965,13.152761896864984,83.019896738134
era5_helped_24h_48h,2010137N10090,LAILA (2010),3h,2010-05-18 15:00:00,13.1,83.0,13.1,82.6,Random Forest,13.165326251772917,82.56591647589333,13.171163791014196,82.5700756616243,13.226319649189014,82.54868883900659,13.17,82.56766666666667,13.161203044460374,82.57812890212243,13.164983584,82.57808116,13.149729868603277,82.55505593989804,13.157754625029119,82.57321057731207
era5_helped_24h_48h,2010137N10090,LAILA (2010),3h,2010-05-18 18:00:00,13.1,82.6,13.1,82.1,Random Forest,13.1703457411367,82.19198383367703,13.161730123304105,82.19493263250368,13.15544720565033,82.21355943451265,13.161999999999999,82.19533333333332,13.153427964915954,82.20179218369704,13.163557096,82.20470754,13.141482711395096,82.20130391293714,13.179990894449004,82.20117045743022
era5_helped_24h_48h,2010137N10090,LAILA (2010),3h,2010-05-18 21:00:00,13.1,82.1,13.5,82.0,Random Forest,13.49229144602376,81.89997701224284,13.466815131005188,81.8381831029473,13.361172134644823,81.73647821474546,13.458333333333334,81.84033333333333,13.410653184384437,81.83320618983907,13.43360296,81.82516933,13.245198258015117,81.77355133828014,13.524923056920558,82.05785422772567
era5_helped_24h_48h,2010137N10090,LAILA (2010),3h,2010-05-19 00:00:00,13.5,82.0,13.5,81.8,Random Forest,13.536422573307537,81.81924340698018,13.584180634863765,81.78931404890128,13.664666072600086,81.76817358293277,13.599333333333334,81.78666666666666,13.663668119277423,81.81683514527266,13.64592774,81.80371,13.715248302257724,81.8874935701499,13.459863552800803,81.89903107827041
era5_helped_24h_48h,2010137N10090,LAILA (2010),3h,2010-05-19 03:00:00,13.5,81.8,13.6,81.5,Random Forest,13.638192932728009,81.5033456439569,13.64875241181608,81.49811312388219,13.634196815117575,81.56234879049511,13.647333333333334,81.49466666666666,13.63277972689063,81.51271784172259,13.6469286,81.51994945,13.587623815237524,81.57334623293265,13.623456770483944,81.52790108432328
era5_helped_24h_48h,2010137N10090,LAILA (2010),3h,2010-05-19 06:00:00,13.6,81.5,13.9,81.5,Random Forest,13.90234572989177,81.40063036769999,13.900909389527316,81.38259021140108,13.857433842881422,81.27862278145494,13.895,81.37833333333333,13.831107211218484,81.35078719306162,13.82967935,81.34946337,13.755940720192473,81.29033156732226,13.905163450704785,81.44840259957645
era5_helped_24h_48h,2010137N10090,LAILA (2010),3h,2010-05-19 09:00:00,13.9,81.5,14.0,81.5,Random Forest,14.008510295185166,81.43052413514961,14.00560313486123,81.43457990613493,14.068043386990475,81.40603763341566,14.014333333333333,81.42933333333333,14.052150082267884,81.42927254130653,14.064875500000001,81.439685605,14.094824329870173,81.41730617972506,14.001219369951853,81.42347890034979
era5_helped_24h_48h,2010137N10090,LAILA (2010),3h,2010-05-19 12:00:00,14.0,81.5,14.1,81.4,Random Forest,14.106400406142127,81.47061430316343,14.104312185942735,81.47313976458456,14.140100419445155,81.45785149960703,14.100333333333333,81.469,14.1062921628168,81.45479607141259,14.11608013,81.451427005,14.136140862480467,81.42419528240427,14.109435793993553,81.46569117011418
era5_helped_24h_48h,2010137N10090,LAILA (2010),3h,2010-05-19 15:00:00,14.1,81.4,14.6,81.1,Random Forest,14.453219921638995,81.13925966052632,14.421858344998588,81.13701429649947,14.32874394540302,81.27181839205569,14.424333333333333,81.13133333333334,14.392532602195322,81.21906703016244,14.3849053,81.19566948,14.30280817152779,81.22959894890658,14.485049781875409,81.15504353900545
era5_helped_24h_48h,2010137N10090,LAILA (2010),3h,2010-05-19 18:00:00,14.6,81.1,14.7,81.0,Random Forest,14.680946578628973,81.04636418600852,14.68168662027204,81.06531636395486,14.824329337634454,80.87271163413571,14.698,81.05199999999999,14.672368540097963,81.0347475864951,14.7444445,80.99426559,14.864366106393698,80.88724182019284,14.667002160047739,81.00259208190275
era5_helped_24h_48h,2010137N10090,LAILA (2010),3h,2010-05-19 21:00:00,14.7,81.0,15.1,81.0,Random Forest,15.024382135201064,80.97646058814648,15.047326761242184,80.9930397892746,14.933759737132887,80.9313573779031,15.036999999999999,80.986,14.968702951219834,80.9515123634937,14.967630849999999,80.93628785,14.88120621794024,80.87596427369286,14.999208041817786,80.93725180951355
era5_helped_24h_48h,2010137N10090,LAILA (2010),3h,2010-05-20 00:00:00,15.1,81.0,15.4,80.6,Random Forest,15.468049622848243,80.72192083517562,15.479698681548232,80.69079060675044,15.492778838107144,80.84040075056964,15.474666666666668,80.68133333333333,15.463118617803,80.74372683722389,15.45495865,80.7729236,15.434980636379944,80.86421592692669,15.44940946965598,80.80848652893779
era5_helped_24h_48h,2010137N10090,LAILA (2010),3h,2010-05-20 03:00:00,15.4,80.6,15.6,80.6,Random Forest,15.555855470418047,80.53619532454445,15.527769396294946,80.53981947647944,15.578691797392183,80.38735061758877,15.548333333333334,80.53233333333333,15.55251703763395,80.52661622509456,15.55192121,80.47911825,15.611085002571995,80.36128813014294,15.572262209169208,80.52997996497652
era5_helped_24h_48h,2010137N10090,LAILA (2010),3h,2010-05-20 06:00:00,15.6,80.6,15.7,80.5,Random Forest,15.702663852320637,80.53999188779429,15.668048224519724,80.52931838667566,15.73041896238318,80.51754176095136,15.669666666666666,80.523,15.681360052015235,80.52083890664838,15.70628589,80.50707213,15.767937448041623,80.52059027280842,15.742705138166649,80.56829158635422
era5_helped_24h_48h,2010137N10090,LAILA (2010),3h,2010-05-20 09:00:00,15.7,80.5,15.9,80.5,Random Forest,15.849997400714459,80.48781650047783,15.869291719471027,80.49114732380856,15.83793911504966,80.44815465765042,15.866,80.48166666666667,15.851857727338516,80.48474272582561,15.84141575,80.478337778,15.835028240586965,80.40558765243007,15.825267578874127,80.48023541784816
era5_helped_24h_48h,2010137N10090,LAILA (2010),3h,2010-05-20 12:00:00,15.9,80.5,15.9,80.5,Random Forest,15.939814443207668,80.51446318836484,15.887233543129542,80.51016155885824,16.014574505770902,80.5004914946612,15.899333333333333,80.507,16.004794677369762,80.49662201307162,15.98545982,80.4947534497,16.03813474289478,80.51481892216658,15.991446466066384,80.52433342368495
era5_helped_24h_48h,2010137N10090,LAILA (2010),3h,2010-05-20 15:00:00,15.9,80.5,16.0,80.6,Random Forest,16.000058181234216,80.50701504365843,16.03505065788937,80.49860678713702,15.950361823433187,80.51279504512677,16.032666666666668,80.49533333333333,16.003116639416547,80.51899008365619,16.00900318,80.516630327,15.976993911052485,80.50189871613175,15.956496436844143,80.52709817693143
era5_helped_24h_48h,2010137N10090,LAILA (2010),3h,2010-05-20 18:00:00,16.0,80.6,16.1,80.7,Random Forest,16.031059073236975,80.65627768819004,16.03426002574014,80.6624900269671,16.09160602724831,80.69924757136562,16.03,80.66366666666666,16.098623237581865,80.66823039098263,16.09318445,80.66296904,16.080198847167292,80.66824630445396,16.026096306704627,80.63894984437181
era5_helped_24h_48h,2010137N10090,LAILA (2010),3h,2010-05-20 21:00:00,16.1,80.7,16.3,80.8,Random Forest,16.301142265865888,80.81527861078077,16.33370341826343,80.82545261605061,16.25285780948627,80.79637308462199,16.318333333333335,80.82133333333334,16.294861541193644,80.82009739312129,16.29441508,80.80755966000001,16.21192315509033,80.79032336445596,16.268057889154115,80.78599404074966
era5_helped_24h_48h,2010137N10090,LAILA (2010),3h,2010-05-21 00:00:00,16.3,80.8,16.5,81.0,Random Forest,16.516832097459925,80.94113809379054,16.514635614264844,80.94250030567791,16.51754469216692,80.91030716101642,16.51,80.93599999999999,16.523837794024782,80.92431490548054,16.53125061,80.92370491999999,16.48889132285676,80.89020160120577,16.517648982301463,80.93220388412773
era5_helped_24h_48h,2010137N10090,LAILA (2010),3h,2010-05-21 03:00:00,16.5,81.0,16.8,81.2,Random Forest,16.755049142850538,81.21552710605802,16.77134759227331,81.22443816593744,16.698096165419532,81.18279636161171,16.761,81.218,16.73594837737513,81.19202290249926,16.71564385,81.18061438,16.7069073298401,81.16877377611318,16.73774403386422,81.18532446915255
era5_helped_24h_48h,2010137N10090,LAILA (2010),3h,2010-05-21 06:00:00,16.8,81.2,16.8,81.3,Random Forest,16.827829451494416,81.33911163520125,16.83249893409251,81.33688891604348,16.932615006438503,81.39298439686834,16.851333333333333,81.33800000000001,16.885344394483525,81.33287656301283,16.878315035,81.33584527000001,16.969497742656486,81.32178054488053,16.805133351590246,81.33893385991983
era5_helped_24h_48h,2010137N10090,LAILA (2010),3h,2010-05-21 09:00:00,16.8,81.3,16.9,81.5,Random Forest,16.878485220175886,81.44682496304912,16.871115581189613,81.46665658282916,16.841552734785843,81.37705634442895,16.876,81.46166666666666,16.897230049040342,81.41638491021291,16.895641226000002,81.41298626999999,16.835406431313192,81.40944435949542,16.881332056013925,81.39291470322351
era5_helped_24h_48h,2010137N10090,LAILA (2010),12h,2010-05-16 21:00:00,10.2,90.1,11.0,88.3,Stacking Ensemble,11.659096163961712,88.68707420194012,11.637836412011453,88.74573522886041,11.35688834290169,88.66499653286505,11.535,88.79166666666666,11.465270015267667,88.59738674223232,11.5338268,88.6655385,11.381597435516001,88.82890851911826,11.749917776546278,88.62551582467869
era5_helped_24h_48h,2010137N10090,LAILA (2010),12h,2010-05-17 00:00:00,10.5,89.7,11.2,87.9,Stacking Ensemble,11.58907421727816,88.01594837720967,11.477649422962646,87.99104777631253,11.444791036985553,87.98951925371537,11.582333333333333,88.00233333333334,11.383810470475115,87.99511898720091,11.4388815,88.07920630000001,11.513317700823817,88.15404459471304,11.651631425718637,88.08156157531903
era5_helped_24h_48h,2010137N10090,LAILA (2010),12h,2010-05-17 03:00:00,10.7,89.3,11.4,87.6,Stacking Ensemble,11.40372741201006,87.27420468120879,11.315241603926077,87.37026088485787,11.278044540501456,87.47448668588001,11.327666666666666,87.29166666666666,11.272848432519,87.45893141368258,11.31531675,87.5035248,11.43835924325156,87.55733402144162,11.474967431686315,87.31911996589994
era5_helped_24h_48h,2010137N10090,LAILA (2010),12h,2010-05-17 06:00:00,10.8,88.7,11.6,87.2,Stacking Ensemble,11.595114721630086,87.11954957764377,11.470476841616565,86.9969412813896,11.432034150458948,86.97991253788886,11.551666666666668,87.065,11.516876892979907,87.08224423879489,11.46239965,87.0228005,11.390929807638418,86.89118572131747,11.61906248284159,87.22311179062625
era5_helped_24h_48h,2010137N10090,LAILA (2010),12h,2010-05-17 09:00:00,11.0,88.3,11.7,86.8,Stacking Ensemble,12.052760589506034,86.94244930590227,11.890610099429281,86.85715877791023,11.888176715297005,86.94649485005571,11.989333333333335,86.86266666666667,11.795916468033937,86.94383538098795,11.8507338,86.9123352,11.797910735171484,86.80404935471638,12.170091467770007,87.06450023172583
era5_helped_24h_48h,2010137N10090,LAILA (2010),12h,2010-05-17 12:00:00,11.2,87.9,11.8,86.3,Stacking Ensemble,12.030860523072732,86.72641397354536,11.965416471213107,86.73577416767684,11.968045799364763,86.69993981244656,12.025,86.79366666666667,11.941930314456565,86.71213666424433,11.963561839999999,86.66534820000001,11.927284048660665,86.51413177632865,12.042252744077636,86.6950059183644
era5_helped_24h_48h,2010137N10090,LAILA (2010),12h,2010-05-17 15:00:00,11.4,87.6,12.1,85.4,Stacking Ensemble,12.11330520866489,86.13841822301615,12.016411728843245,86.16904262167817,11.963549139409377,86.32544503542071,12.015666666666668,86.10466666666666,12.000588116850068,86.2978465086085,12.006203300000001,86.2135126,12.129406771247254,86.30103168606121,12.18381411353796,86.2174108092212
era5_helped_24h_48h,2010137N10090,LAILA (2010),12h,2010-05-17 18:00:00,11.6,87.2,12.5,84.6,Stacking Ensemble,12.020059716643242,85.83857527531535,12.058946005675242,85.95664612165818,11.954274347432257,85.95824105157803,12.081666666666667,85.97766666666666,12.007377346135694,85.93353746727185,12.04759855,85.9195803,12.168419841312282,85.72175552273931,11.979728531377274,85.74075370117774
era5_helped_24h_48h,2010137N10090,LAILA (2010),12h,2010-05-17 21:00:00,11.7,86.8,12.9,84.0,Stacking Ensemble,12.119753081473869,84.6381428006233,12.025170742286425,84.75586837187124,12.011580947853165,84.82520976463782,12.016333333333332,84.62899999999999,12.038849636351532,84.8666132163649,12.02505304,84.9295959,12.177481632487492,84.9830403668009,12.189502502185224,84.71399429808457
era5_helped_24h_48h,2010137N10090,LAILA (2010),12h,2010-05-18 00:00:00,11.8,86.3,13.1,83.5,Stacking Ensemble,12.774839037144591,83.81467573908675,12.55848262640092,84.02001019800227,12.578695344690754,83.9362618500506,12.600000000000001,84.015,12.567308275190209,83.84508694229375,12.5630147,83.99547319999999,12.500562341719666,84.0759699632619,12.91851299280763,83.68996457140241
era5_helped_24h_48h,2010137N10090,LAILA (2010),12h,2010-05-18 03:00:00,12.1,85.4,13.1,83.0,Stacking Ensemble,13.58980221737887,82.56722627753607,13.195138049606225,82.4300688885925,13.32105924020441,82.64819116367242,13.171333333333333,82.41900000000001,13.18435831939389,82.55698151905642,13.2235006,82.78023800000001,13.265655995210956,82.68455783549565,13.924210895967896,82.80355970089593
era5_helped_24h_48h,2010137N10090,LAILA (2010),12h,2010-05-18 06:00:00,12.5,84.6,13.1,82.6,Stacking Ensemble,13.95725174042428,82.42239837500748,13.735791789479231,82.20436580251521,13.735114425770934,82.64411809564949,13.698333333333332,82.25733333333334,13.740563970899206,82.46666196131248,13.6918882,82.7519653,13.670171191212933,82.24529462368116,14.120276243370872,82.65545399393869
era5_helped_24h_48h,2010137N10090,LAILA (2010),12h,2010-05-18 09:00:00,12.9,84.0,13.1,82.1,Stacking Ensemble,14.030639231735204,82.10756849433518,14.095959515658203,81.97514954828428,13.884481699104501,82.2223380196103,14.026666666666667,82.02866666666667,13.982841364514401,82.17656613243038,13.9092415,82.2177438,13.939077889950187,82.02994225521591,14.004710173546318,82.24522743965221
era5_helped_24h_48h,2010137N10090,LAILA (2010),12h,2010-05-18 12:00:00,13.1,83.5,13.5,82.0,Stacking Ensemble,13.592692102244872,81.77519857475079,13.66625407894455,81.67435729341864,13.530374036431693,81.79819805667677,13.607666666666665,81.70866666666667,13.691189325802995,81.8078435903146,13.706456,81.8263706,13.71149459804719,81.74922211442265,13.509359890424326,81.89525545822512
era5_helped_24h_48h,2010137N10090,LAILA (2010),12h,2010-05-18 15:00:00,13.1,83.0,13.5,81.8,Stacking Ensemble,13.437357732603695,81.65427245115366,13.333119334896498,81.57079707455472,13.480983720212016,81.64591004158977,13.414333333333332,81.655,13.413010726099834,81.62353469516836,13.41114838,81.6039118,13.36431458929021,81.39530210287738,13.444759380666214,81.69503739992594
era5_helped_24h_48h,2010137N10090,LAILA (2010),12h,2010-05-18 18:00:00,13.1,82.6,13.6,81.5,Stacking Ensemble,13.493992182615338,81.27409087190804,13.349246305760863,81.21144671892363,13.47286352361252,81.34970440424644,13.456999999999999,81.22166666666666,13.445475125187999,81.34549419970683,13.4219332,81.37004379999999,13.324959208954871,81.14002298185233,13.517989956088604,81.36766794277565
era5_helped_24h_48h,2010137N10090,LAILA (2010),12h,2010-05-18 21:00:00,13.1,82.1,13.9,81.5,Stacking Ensemble,13.974219146156177,81.34269825898417,13.906472035410998,81.08344045883327,13.702846310726144,81.1003768523524,13.966333333333335,81.16233333333334,13.838099407590931,81.19568366054214,13.80732164,81.10222949999999,13.627191358573631,80.86376673554793,14.010013821402834,81.54733621733699
era5_helped_24h_48h,2010137N10090,LAILA (2010),12h,2010-05-19 00:00:00,13.5,82.0,14.0,81.5,Stacking Ensemble,14.367728075542459,81.42622563871456,14.506887854372048,81.1909650138079,14.189486970083067,81.29357989087971,14.411333333333333,81.152,14.323585920474795,81.36977884017831,14.34098226,81.32464993,14.370401947337182,81.48645355917888,14.331198448411813,81.71954455288179
era5_helped_24h_48h,2010137N10090,LAILA (2010),12h,2010-05-19 03:00:00,13.5,81.8,14.1,81.4,Stacking Ensemble,14.031116040097702,80.7110873325592,13.961510441276285,80.62404372109758,13.973262508660927,80.7713267221214,14.013666666666666,80.565,13.979113809574228,80.69085733012898,13.9586811,80.6933815,13.877961481089113,80.89995357568888,14.041845146180602,80.89149801719122
era5_helped_24h_48h,2010137N10090,LAILA (2010),12h,2010-05-19 06:00:00,13.6,81.5,14.6,81.1,Stacking Ensemble,14.502430729377048,80.93439793723215,14.386154132475859,80.6980266836266,14.315282669320545,80.86796432833373,14.496,80.687,14.364095041750081,80.80455275646484,14.32300893,80.8415435,14.217602565747693,80.61376533147019,14.537444101288166,81.20050012689235
era5_helped_24h_48h,2010137N10090,LAILA (2010),12h,2010-05-19 09:00:00,13.9,81.5,14.7,81.0,Stacking Ensemble,14.806564171470047,81.42061299034394,14.804219934406888,81.41067242180203,14.608789848862532,81.34233859369016,14.83,81.50133333333333,14.780094371751684,81.38207198705493,14.7689562,81.33099203,14.728536337628736,81.12544712147611,14.767558122729765,81.3419282978815
era5_helped_24h_48h,2010137N10090,LAILA (2010),24h,2010-05-16 21:00:00,10.2,90.1,11.7,86.8,Stacking Ensemble,12.531126368817675,87.59857161282642,12.655401767744,87.55621171011154,12.435049766661072,87.64514971087966,12.527333333333331,87.65333333333332,12.394478718927013,87.49884143388945,12.443304,87.5727108,12.271086804333592,87.9142688270622,12.521645886392191,87.83034564365651
era5_helped_24h_48h,2010137N10090,LAILA (2010),24h,2010-05-17 00:00:00,10.5,89.7,11.8,86.3,Stacking Ensemble,12.556312685330687,86.71633982128664,12.483103166011952,86.67934604358577,12.226995231111704,86.5702887568341,12.598333333333333,86.82766666666667,12.231388253227472,86.75717569034927,12.3579458,86.7653884,12.383648794908169,86.96240592339537,12.482824081588841,86.95192250066138
era5_helped_24h_48h,2010137N10090,LAILA (2010),24h,2010-05-17 03:00:00,10.7,89.3,12.1,85.4,Stacking Ensemble,12.154932299527447,86.07142862349302,12.025767579917517,86.16335333110561,12.030232903510415,86.08105063752413,11.982333333333335,86.34933333333333,11.912280938613431,86.11791885427388,12.0455249,86.2358647,12.18055628160535,86.25152982493088,12.26911869169893,86.07637298525472
era5_helped_24h_48h,2010137N10090,LAILA (2010),24h,2010-05-17 06:00:00,10.8,88.7,12.5,84.6,Stacking Ensemble,12.359642526752765,85.98907508054985,12.324174034913401,85.90401966103731,12.2358684905116,85.667723665285,12.315666666666669,86.33800000000001,12.242919988444696,85.89044444343048,12.1004422,85.7108616,12.152431008711366,85.58704016087277,12.554271828787847,86.14282750624305
era5_helped_24h_48h,2010137N10090,LAILA (2010),24h,2010-05-17 09:00:00,11.0,88.3,12.9,84.0,Stacking Ensemble,12.94596257454957,85.94111572152416,12.75382884248528,85.7965373352687,12.707975333331685,85.70450328903914,12.738333333333333,86.11333333333333,12.641145690624004,85.67125708036113,12.7113056,85.8126839,12.608795901616137,85.6672326275225,13.113784387182662,86.232670345973
era5_helped_24h_48h,2010137N10090,LAILA (2010),24h,2010-05-17 12:00:00,11.2,87.9,13.1,83.5,Stacking Ensemble,13.014064915944559,85.81980800978432,12.932895517650937,85.9392777105959,12.853441552333832,85.81583071938297,12.910333333333334,86.05966666666667,12.852890461521572,85.82779057386028,12.8040314,85.732743,12.7049838099906,85.3747349964952,12.939742509172085,85.71452188476506
era5_helped_24h_48h,2010137N10090,LAILA (2010),24h,2010-05-17 15:00:00,11.4,87.6,13.1,83.0,Stacking Ensemble,12.955643378500653,85.4733524549141,12.935047373629022,85.65913867171487,12.819970513165616,85.48706663065416,12.913,85.83233333333332,12.808334017441597,85.43948258160316,12.746529800000001,85.43381559999999,12.849521011206479,85.22162643662566,12.936111376277372,85.22583868240577
era5_helped_24h_48h,2010137N10090,LAILA (2010),24h,2010-05-17 18:00:00,11.6,87.2,13.1,82.6,Stacking Ensemble,12.844825817058267,84.84338670267293,12.921236526367139,85.21747902291396,12.860494816857317,84.95036460179004,13.259,85.255,12.737476650872182,85.03549200327491,12.7971921,85.02712960000001,12.82110510275301,84.44153285266053,12.7741624000532,84.34580252984371
era5_helped_24h_48h,2010137N10090,LAILA (2010),24h,2010-05-17 21:00:00,11.7,86.8,13.1,82.1,Stacking Ensemble,12.740852195265719,83.36388126597495,12.593765594695594,83.49715207608439,12.700353949424652,83.53879907358534,12.613999999999999,83.568,12.64816422902284,83.68453476430693,12.617907059999999,83.734775,12.776178887862258,83.61970309636574,12.872524776308154,83.37035263269307
era5_helped_24h_48h,2010137N10090,LAILA (2010),24h,2010-05-18 00:00:00,11.8,86.3,13.5,82.0,Stacking Ensemble,13.535345636595103,82.03161688387296,13.357959137947573,82.02696051214896,13.341537004631727,82.51087489149984,13.497666666666667,82.11266666666667,13.31561568838597,82.01219115388771,13.2247754,82.6177679,13.288460907418623,82.5520765145427,13.728105096860002,82.34649672670933
era5_helped_24h_48h,2010137N10090,LAILA (2010),24h,2010-05-18 03:00:00,12.1,85.4,13.5,81.8,Stacking Ensemble,14.47513546853702,80.74931530388099,14.327508606751081,80.22633801216855,14.25881298381357,80.77833746675043,14.293333333333333,80.185,14.233598842822564,80.5069587157002,14.142044199999999,80.83758250000001,14.216784197665984,81.36487964442573,14.830000609917269,82.09122031756556
era5_helped_24h_48h,2010137N10090,LAILA (2010),24h,2010-05-18 06:00:00,12.5,84.6,13.6,81.5,Stacking Ensemble,14.660391541337237,81.0982691921641,14.726643395843476,80.67465914444368,14.504970858895435,81.24178434235905,14.807,81.21,14.390826050809553,80.90638720904846,14.4932772,81.23508729999999,14.642632017896581,81.00449663835501,15.117167727037737,81.87318658862392
era5_helped_24h_48h,2010137N10090,LAILA (2010),24h,2010-05-18 09:00:00,12.9,84.0,13.9,81.5,Stacking Ensemble,14.838870333281617,80.19729114082872,15.179042095590116,79.7450420833104,14.740133954872082,80.1178223852962,15.279666666666667,79.75733333333334,14.711371637636347,80.24990785639875,14.8219971,80.2495558,14.815361599272396,80.76445293156871,15.006719413064605,81.31523115957876
era5_helped_24h_48h,2010137N10090,LAILA (2010),24h,2010-05-18 12:00:00,13.1,83.5,14.0,81.5,Stacking Ensemble,14.5124241050375,80.61236654086241,14.590993035068912,80.61410006610626,14.464346760293372,80.50114437100335,14.734666666666667,80.92766666666667,14.486256637210213,80.72213395252636,14.5330721,80.5668755,14.475071105554566,80.48508054934736,14.495475232851506,80.68620178469915
era5_helped_24h_48h,2010137N10090,LAILA (2010),24h,2010-05-18 15:00:00,13.1,83.0,14.1,81.4,Stacking Ensemble,14.089379651196468,80.7608047399708,13.970193609201464,80.77920651319397,14.00867796803219,81.05968377995161,14.263,81.146,13.963258692047308,81.18934377365187,13.98322634,81.1402398,13.890479219932484,80.21688488280705,14.163857196284669,80.72433757971174
era5_helped_24h_48h,2010137N10090,LAILA (2010),24h,2010-05-18 18:00:00,13.1,82.6,14.6,81.1,Stacking Ensemble,14.178259714068348,80.89354606937442,14.014986550326087,81.02736011269967,14.044429810837354,81.08430257683375,14.309666666666667,81.46499999999999,14.080152192832015,80.985819088413,14.09951226,80.840339,13.770177466054639,80.0693653644831,14.118238035256498,80.56994981013092
era5_helped_24h_48h,2010137N10090,LAILA (2010),24h,2010-05-18 21:00:00,13.1,82.1,14.7,81.0,Stacking Ensemble,14.644849368905739,80.74742858486185,14.386096205575884,80.61867846707919,14.4640286454965,80.81727898486011,14.574000000000002,80.99666666666666,14.492435071279,81.03779492137906,14.3467763,80.78212839999999,14.173779076747028,79.93648788187404,14.765917092038059,80.89675876053674
era5_helped_24h_48h,2010137N10090,LAILA (2010),24h,2010-05-19 00:00:00,13.5,82.0,15.1,81.0,Stacking Ensemble,15.5006327463241,81.10368860541556,15.631647688429375,81.024680054495,15.425785127755434,80.92408190395498,15.56766666666667,81.14266666666667,15.449249750871092,80.88094435180376,15.4158792,80.9954476,15.158556321559486,81.05539726518259,15.347147557872376,81.25892056311135
era5_helped_24h_48h,2010137N10090,LAILA (2010),24h,2010-05-19 03:00:00,13.5,81.8,15.4,80.6,Stacking Ensemble,14.57107046510852,80.09676648767538,14.42861105650305,79.94464315158297,14.590076787726606,79.92551622768785,14.464,80.08233333333332,14.6757007210217,79.88886703717858,14.5085778,80.1204709,14.366734330132648,80.14720462211038,14.377054431101302,80.43946142944178
era5_helped_24h_48h,2010137N10090,LAILA (2010),24h,2010-05-19 06:00:00,13.6,81.5,15.6,80.6,Stacking Ensemble,15.168509969234183,80.09918509123924,15.000961116613698,79.80105471193687,14.932253280307544,79.94933031993492,15.224333333333332,79.95866666666667,14.92975215277675,79.86306756962641,14.9090065,80.1283315,14.836140035125,79.86297337023717,15.277964819357367,80.66910638059274
era5_helped_24h_48h,2010137N10090,LAILA (2010),24h,2010-05-19 09:00:00,13.9,81.5,15.7,80.5,Stacking Ensemble,15.867817880404791,81.36144113941731,15.795130748924272,81.31845012310124,15.856183752135324,81.37638121338932,15.773000000000001,81.48133333333334,15.720308646409254,81.34961875087643,15.7424877,81.32425971,15.569908873755057,80.84329123092417,15.973838647427485,81.3669028582738
era5_helped_24h_48h,2010137N10090,LAILA (2010),48h,2010-05-16 21:00:00,10.2,90.1,13.1,82.1,XGBoost,14.83332428385146,86.77955548768587,14.995670373058049,86.677781964745,14.42397955817145,87.24903536959809,14.710666666666667,87.04066666666667,14.536324034628906,86.73711877197195,14.504821,86.9596175,14.055357027307133,87.09986005202747,14.656339611282876,87.57220458402658
era5_helped_24h_48h,2010137N10090,LAILA (2010),48h,2010-05-17 00:00:00,10.5,89.7,13.5,82.0,XGBoost,14.796983515859111,85.56825157208048,14.401798766590701,85.40029047867729,14.363109251829956,85.88726377744933,14.410666666666664,86.239,14.085146416484688,85.6071346016097,14.3529341,86.2423584,14.147682095956867,85.90805035448554,14.55436649088658,86.51737207956839
era5_helped_24h_48h,2010137N10090,LAILA (2010),48h,2010-05-17 03:00:00,10.7,89.3,13.5,81.8,XGBoost,14.52086305088413,85.70375330159519,14.498056605423145,85.51246505759703,14.006465107685809,86.14438669015695,14.261,86.84966666666666,14.04803849818368,86.03054850407082,14.0672783,86.31235219999999,14.020827959218597,85.44685186468449,14.800336972460343,86.61391101691486
era5_helped_24h_48h,2010137N10090,LAILA (2010),48h,2010-05-17 06:00:00,10.8,88.7,13.6,81.5,XGBoost,14.540847834867815,85.42604084158408,13.712889021518547,85.06753390859944,13.847183694925397,85.88571683866485,14.100666666666665,86.43433333333334,13.759660502333126,85.76181639077089,13.7880605,85.7854106,13.92338696389039,84.7036549580705,15.386683382894834,86.87688969059445
era5_helped_24h_48h,2010137N10090,LAILA (2010),48h,2010-05-17 09:00:00,11.0,88.3,13.9,81.5,XGBoost,15.489130783990515,85.66131904791327,14.846116504813395,84.99487371527971,14.63897721574113,85.65773015752568,14.776,86.362,14.475686200545233,85.19224148023422,14.6278675,85.7418766,14.455239069847181,85.15689566221248,16.133722345796393,87.64598418193945
era5_helped_24h_48h,2010137N10090,LAILA (2010),48h,2010-05-17 12:00:00,11.2,87.9,14.0,81.5,XGBoost,15.549891046325005,85.51573446506815,15.040431673145234,85.24872280041352,14.764640519425674,85.51859180347341,14.97833333333333,86.14233333333334,14.64178492999914,85.49734493249593,14.782221999999999,85.67371200000001,14.539543930332322,84.5997051161831,15.819722029199422,86.57533758883352
era5_helped_24h_48h,2010137N10090,LAILA (2010),48h,2010-05-17 15:00:00,11.4,87.6,14.1,81.4,XGBoost,15.398069201609328,85.32536680224156,15.14499947674279,85.16453792776139,14.782713414097692,85.7344127758129,15.099333333333332,85.94333333333333,14.7887327516762,85.43559010412176,14.799826,85.481888,14.574798718846315,84.63570430715572,15.499163553473139,86.11980364022311
era5_helped_24h_48h,2010137N10090,LAILA (2010),48h,2010-05-17 18:00:00,11.6,87.2,14.6,81.1,XGBoost,15.281601662627182,84.18208042757652,15.408820968339757,84.18953557635109,15.18511039115287,84.99731456309827,15.135333333333335,84.48633333333333,15.230050524657546,84.57712034757168,15.0830558,84.98415200000001,14.535341796567835,83.62425266149002,15.200087305582999,84.62706595709295
era5_helped_24h_48h,2010137N10090,LAILA (2010),48h,2010-05-17 21:00:00,11.7,86.8,14.7,81.0,XGBoost,15.042055425686476,83.33762552751872,14.705909991401832,82.97546132302598,14.627447014885979,83.58729187561585,14.95133333333333,83.78699999999999,14.572421905260455,83.54582467052788,14.6066446,83.577801,14.471604524014433,83.1303155834675,15.507420652419036,84.7645772878197
era5_helped_24h_48h,2010137N10090,LAILA (2010),48h,2010-05-18 00:00:00,11.8,86.3,15.1,81.0,XGBoost,15.673145973414263,80.73153191469103,14.86197231104812,79.99613553596778,15.025416798634573,81.28828894812781,15.174666666666667,80.71866666666666,14.989170997291614,80.35735434531826,15.112527,80.77287749999999,14.990673238512446,81.7613244991194,16.296431857334017,83.44964070331002
era5_helped_24h_48h,2010137N10090,LAILA (2010),48h,2010-05-18 03:00:00,12.1,85.4,15.4,80.6,XGBoost,16.650309789649018,79.64517355161156,16.19643623114285,79.20866369058527,15.97882278029983,79.67027488914698,15.406333333333333,78.92766666666667,16.046017539127966,79.60135539684539,16.0329605,79.57462500000001,15.754356883572605,80.11035837938114,17.326285693076883,81.7902185154062
era5_helped_24h_48h,2010137N10090,LAILA (2010),48h,2010-05-18 06:00:00,12.5,84.6,15.6,80.6,XGBoost,16.849167908651758,78.81233442825337,16.796436456102327,78.29782811148071,16.134529237489442,79.46758631800745,16.939666666666668,78.98066666666665,16.218549865739412,78.59905952176557,16.100848,79.07504759999999,16.064401513627143,79.51287084292501,17.40888052525815,81.0258589660388
era5_helped_24h_48h,2010137N10090,LAILA (2010),48h,2010-05-18 09:00:00,12.9,84.0,15.7,80.5,XGBoost,16.932068729378578,78.12298942133266,17.132222036142593,77.72523847891432,16.48026650918497,79.28491958755632,16.998333333333335,78.01433333333334,16.782877375485956,78.06594208271868,16.6346063,78.5076323,16.35969772789533,79.29661711730941,17.061177380271815,80.05392754889645
era5_helped_24h_48h,2010137N10090,LAILA (2010),48h,2010-05-18 12:00:00,13.1,83.5,15.9,80.5,XGBoost,16.630326037713857,79.99630459066734,16.55388886493882,79.92453752431207,16.475697120460303,80.31376551722622,16.937,82.269,16.43858812398583,80.13057693692933,16.4301182,80.6403913,16.10447083106832,79.36460288640517,16.866064745982136,80.57771732138326
era5_helped_24h_48h,2010137N10090,LAILA (2010),48h,2010-05-18 15:00:00,13.1,83.0,15.9,80.5,XGBoost,16.053807240939644,80.47352583877961,15.39394100878656,80.6659386324742,15.752450149123732,80.68284510706997,16.372333333333334,82.302,15.619546470583808,81.22109000385834,15.684603,80.8008616,15.243830034502533,78.93080297338899,16.134447596371597,80.33851506792267
era5_helped_24h_48h,2010137N10090,LAILA (2010),48h,2010-05-18 18:00:00,13.1,82.6,16.0,80.6,XGBoost,16.057076041357043,80.1297370969314,15.452896090284739,80.10782206323842,15.808623112858953,80.74891926533466,16.258,81.72166666666666,15.701042062963543,80.40347529447709,15.7034253,80.6013145,15.026937662747585,79.16294788392446,15.961442968925844,80.50393903074665
era5_helped_24h_48h,2010137N10090,LAILA (2010),48h,2010-05-18 21:00:00,13.1,82.1,16.1,80.7,XGBoost,16.386601751042612,79.44045440403086,15.770817771372933,79.22418183506001,15.788117224890906,79.67670579515061,16.261333333333333,79.69699999999999,15.850572573289304,79.49953326028603,15.704291999999999,79.60653099999999,15.356934026308227,78.82984813077617,16.56126967553221,80.54355221936508
era5_helped_24h_48h,2010137N10090,LAILA (2010),48h,2010-05-19 00:00:00,13.5,82.0,16.3,80.8,XGBoost,18.075846946315963,80.99302165289403,18.219122546468444,80.5384090148493,17.566009026604732,80.84359732962945,17.72866666666667,81.07333333333334,18.02914803599282,80.71521611734977,17.6426244,80.5250745,16.72992345892355,80.77249571059188,17.921397385718638,82.29142555877462
era5_helped_24h_48h,2010137N10090,LAILA (2010),48h,2010-05-19 03:00:00,13.5,81.8,16.5,81.0,XGBoost,16.013239671078736,79.37201510932523,15.64566017072739,79.11816535176477,15.765296592368736,79.45267006813943,16.37,79.666,15.697649986775094,79.27100246722058,15.6970248,79.2741843,15.49872626506516,79.19788196106768,15.872153084807168,80.38381240995838
era5_helped_24h_48h,2010137N10090,LAILA (2010),48h,2010-05-19 06:00:00,13.6,81.5,16.8,81.2,XGBoost,17.152983765960897,79.82417100087693,16.5738745439536,79.55007618047982,16.488401285807292,79.53059582409558,16.804,80.11866666666667,16.786802384161156,79.72406617402372,16.427294,79.6310053,16.189010605487645,78.95568389091223,17.348704460092115,80.88658322435325
era5_helped_24h_48h,2010137N10090,LAILA (2010),48h,2010-05-19 09:00:00,13.9,81.5,16.8,81.3,XGBoost,18.328517289458677,81.93250467512432,18.041928436416033,81.64841297448189,17.64123221732475,81.94262471929326,18.11966666666667,82.602,17.807622156378244,82.22308555768424,17.70164,81.98861775,17.195588744036815,80.79653408949197,18.844851878232237,82.45200921263722
typical_sece_24h,1996163N08088,UNNAMED (1996),3h,1996-06-11 03:00:00,8.4,87.7,8.5,87.7,Random Forest,8.488745075599294,87.69010280984511,8.500578978495405,87.70234571686464,8.533744184508937,87.64176064021119,8.506,87.694,8.521714984426914,87.67248764839397,8.519235635000001,87.665204567,8.55864525314041,87.61242284508562,8.466732668953298,87.6608481377514
typical_sece_24h,1996163N08088,UNNAMED (1996),3h,1996-06-11 06:00:00,8.5,87.7,8.6,87.7,Random Forest,8.655075259141086,87.64277775884769,8.671257572250076,87.62934770490496,8.641170988572089,87.63727311872881,8.664000000000001,87.62966666666667,8.652988305359253,87.63209095670607,8.65289521,87.62801552,8.637768186383562,87.62126214842301,8.637079133453701,87.67763605519292
typical_sece_24h,1996163N08088,UNNAMED (1996),3h,1996-06-11 09:00:00,8.6,87.7,8.8,87.6,Random Forest,8.75881895483798,87.63433621791798,8.782397404664673,87.62292880849583,8.728768570146347,87.64338413925955,8.778,87.62466666666667,8.760318025696124,87.63209095670607,8.754706279999999,87.629954745,8.734688750693442,87.62044882281172,8.72945109849522,87.66461915924494
typical_sece_24h,1996163N08088,UNNAMED (1996),3h,1996-06-11 12:00:00,8.8,87.6,9.0,87.5,Random Forest,8.994930934919035,87.58366538931895,8.998400074575189,87.59177324793859,8.99132007117062,87.54410367937768,8.993666666666668,87.58766666666666,8.988801742359797,87.55668950967214,8.98240052,87.55395492999999,8.981593411639757,87.50413289077254,8.990023139261876,87.56470342694622
typical_sece_24h,1996163N08088,UNNAMED (1996),3h,1996-06-11 15:00:00,9.0,87.5,9.3,87.4,Random Forest,9.27649804827183,87.41982097364063,9.282621722706862,87.41950558477512,9.231578302367573,87.41145311699317,9.280333333333331,87.42,9.240943065014376,87.41261718517931,9.23718269,87.41072907,9.211616122337512,87.39403381292206,9.266247519989856,87.42380716400633
typical_sece_24h,1996163N08088,UNNAMED (1996),3h,1996-06-11 18:00:00,9.3,87.4,9.6,87.2,Random Forest,9.618435797453108,87.18689698136505,9.605586764889043,87.1911014457975,9.609549631065633,87.24297138302884,9.607333333333333,87.19166666666668,9.606713035658421,87.1889641888745,9.6015973,87.19808389,9.591710352310448,87.26537152891616,9.62641781811405,87.1852412751712
typical_sece_24h,1996163N08088,UNNAMED (1996),3h,1996-06-11 21:00:00,9.6,87.2,9.9,86.9,Random Forest,9.91618005431464,86.89978600190133,9.903091364017047,86.89508752756946,9.902335791344221,86.97808348764238,9.900666666666664,86.896,9.908511267911564,86.91450530262827,9.90243486,86.9296022,9.897182412715214,86.9853491321786,9.927284577979657,86.92318262007126
typical_sece_24h,1996163N08088,UNNAMED (1996),3h,1996-06-12 00:00:00,9.9,86.9,10.2,86.6,Random Forest,10.125489058274582,86.58556579960151,10.127532193390081,86.59748617065507,10.175307309980347,86.56680417783028,10.122000000000002,86.595,10.167502473121056,86.59642658794144,10.161538270000001,86.59296664,10.154995466932396,86.60348470717734,10.119800468833878,86.56925650492772
typical_sece_24h,1996163N08088,UNNAMED (1996),3h,1996-06-12 03:00:00,10.2,86.6,10.4,86.2,Random Forest,10.43018091317479,86.17000353423012,10.435198498511992,86.18408550677111,10.485320350822684,86.2506529858055,10.430333333333333,86.184,10.467350149668311,86.21401274138684,10.46104197,86.22757388,10.46394126745633,86.25146254802402,10.42050911170525,86.15304134577119
typical_sece_24h,1996163N08088,UNNAMED (1996),3h,1996-06-12 06:00:00,10.4,86.2,10.6,85.9,Random Forest,10.635678417153192,85.88559053955652,10.65340416228648,85.89196325459098,10.623038151320127,85.82301779511165,10.661,85.88966666666667,10.604629992202133,85.88604101042539,10.613257540000001,85.87499062,10.595762779271872,85.84754829444499,10.6048284117532,85.88274030488748
typical_sece_24h,1996163N08088,UNNAMED (1996),3h,1996-06-12 09:00:00,10.6,85.9,10.9,85.6,Random Forest,10.909093021548284,85.5969136352244,10.89324598536044,85.59834218799693,10.835688483555137,85.58551760485082,10.896333333333331,85.598,10.84017728108739,85.5796347258458,10.84202825,85.57218664000001,10.828853262768522,85.58802723965891,10.92287085645537,85.6056166625309
typical_sece_24h,1996163N08088,UNNAMED (1996),3h,1996-06-12 12:00:00,10.9,85.6,11.2,85.2,Random Forest,11.2026961952596,85.20379525811278,11.196664045445564,85.20802663318881,11.202287785700872,85.273127981431,11.189666666666666,85.20633333333333,11.187700280201236,85.2324671514208,11.18807655,85.24373356,11.18340078130419,85.27037649473722,11.209091305557484,85.20937520717933
typical_sece_24h,1996163N08088,UNNAMED (1996),3h,1996-06-12 15:00:00,11.2,85.2,11.5,84.8,Random Forest,11.499064240982882,84.7585806151577,11.50273115527558,84.76443755783846,11.486453094275083,84.79575385394166,11.504333333333332,84.76233333333333,11.487654972331718,84.7799125705136,11.48036278,84.787687,11.475267930189196,84.79502295692178,11.4873269150991,84.7620416349859
typical_sece_24h,1996163N08088,UNNAMED (1996),3h,1996-06-12 18:00:00,11.5,84.8,11.8,84.4,Random Forest,11.80113519936428,84.36089941533112,11.802899038889453,84.36251188891572,11.788029088672499,84.39554660858514,11.806,84.36099999999999,11.786071643042845,84.3799125705136,11.7791946,84.38769214,11.775229183309866,84.39493963926556,11.790795754904458,84.37455830642462
typical_sece_24h,1996163N08088,UNNAMED (1996),3h,1996-06-12 21:00:00,11.8,84.4,12.1,83.9,Random Forest,12.129403193486676,83.9002065632654,12.100892324411301,83.9040510327942,12.10378198573208,83.97822599815525,12.105,83.90700000000001,12.102262208428245,83.93482388250081,12.096301400000002,83.94434755,12.09783585297045,83.96074418359113,12.15541916893603,83.91086667323509
typical_sece_24h,1996163N08088,UNNAMED (1996),3h,1996-06-13 00:00:00,12.1,83.9,12.5,83.1,Random Forest,12.483677499015268,83.15864165730932,12.470044987048905,83.16060055042409,12.40772925699651,83.35052347622853,12.473666666666666,83.15333333333334,12.421718443146752,83.26319630705488,12.414717999999999,83.262527,12.413684999469169,83.31042479733271,12.492346473030613,83.18345830209111
typical_sece_24h,1996163N08088,UNNAMED (1996),3h,1996-06-13 03:00:00,12.5,83.1,12.8,83.0,Random Forest,12.746059393699962,82.86779122451576,12.748454640570694,82.8235163430488,12.792773915673672,82.48605018061635,12.733,82.817,12.795479404424649,82.83512937529395,12.77849644,82.78774145999999,12.76730509047806,82.63457646999892,12.74620217259663,82.98445061208861
typical_sece_24h,1996163N08088,UNNAMED (1996),3h,1996-06-13 06:00:00,12.8,83.0,13.0,82.6,Random Forest,13.02473858817011,82.61954273325341,13.033840543129186,82.62661890342656,13.096919691212209,82.5851814158088,13.029333333333334,82.63033333333334,13.089049129994134,82.66287076478703,13.075307330000001,82.67749417,13.075104374356417,82.82734113724763,13.008564232123154,82.61757733520794
typical_sece_24h,1996163N08088,UNNAMED (1996),3h,1996-06-13 09:00:00,13.0,82.6,13.2,82.2,Random Forest,13.220515338955051,82.19098927395844,13.220290084658828,82.20363770264437,13.218629282058632,82.20403590482887,13.213,82.19866666666665,13.19893441162046,82.19382121892203,13.21002233,82.19895285999999,13.204509181172815,82.19794391755916,13.222167757832912,82.17671497301588
typical_sece_24h,1996163N08088,UNNAMED (1996),3h,1996-06-13 12:00:00,13.2,82.2,13.5,81.8,Random Forest,13.43400383462326,81.78781155614581,13.42684292725565,81.79336746838977,13.411933523780249,81.79383305513188,13.427999999999999,81.791,13.398801631211212,81.79237973426892,13.407027569999999,81.79584212,13.402289870093355,81.79551227866376,13.43849950982239,81.79085310388993
typical_sece_24h,1996163N08088,UNNAMED (1996),3h,1996-06-13 15:00:00,13.5,81.8,13.7,81.5,Random Forest,13.691452610590733,81.49586348988407,13.702880220475686,81.49426286673359,13.743409305335327,81.44051472842463,13.696666666666667,81.48966666666666,13.733882115593556,81.49568543258674,13.72124738,81.48422517,13.723072247604103,81.46930723902442,13.675489587763069,81.5119282516368
typical_sece_24h,1996163N08088,UNNAMED (1996),3h,1996-06-13 18:00:00,13.7,81.5,13.7,81.2,Random Forest,13.79987402986514,81.24649314299036,13.800876059682658,81.24979881996077,13.849341981638046,81.21946331461739,13.798333333333334,81.24933333333334,13.833705540680647,81.23573467327692,13.837218909999999,81.2279991,13.855537980582337,81.2199144151108,13.79653705645585,81.24865148943759
typical_sece_24h,1996163N08088,UNNAMED (1996),3h,1996-06-13 21:00:00,13.7,81.2,13.8,81.2,Random Forest,13.775953021177106,81.16945759567005,13.77203807202462,81.19314036047464,13.778709105123426,80.97904790242394,13.771666666666667,81.19366666666667,13.791661312910037,81.05639249132665,13.78604045,81.09286344,13.770733231783382,80.98877551450326,13.778532838152984,81.11342744312935
typical_sece_24h,1996163N08088,UNNAMED (1996),3h,1996-06-14 00:00:00,13.8,81.2,14.1,81.1,Random Forest,14.049384955947115,81.13616462557215,14.068174861786549,81.131267333845,13.983323238365678,81.14337312678586,14.067333333333334,81.13633333333334,14.035651310946307,81.11926928773889,14.032406080000001,81.126262595,13.953016918684977,81.11078778365933,14.022087601708446,81.15061434178257
typical_sece_24h,1996163N08088,UNNAMED (1996),3h,1996-06-14 03:00:00,14.1,81.1,14.5,81.3,Random Forest,14.457427477325346,81.23106970972943,14.446768768529461,81.22582405565302,14.41834083083918,81.1447290697571,14.446,81.222,14.43316331943862,81.18668212237883,14.42896706,81.168389155,14.392781616240654,81.152157367269,14.464283677876066,81.23859117845252
typical_sece_24h,1996163N08088,UNNAMED (1996),3h,1996-06-14 06:00:00,14.5,81.3,14.8,81.4,Random Forest,14.683936683670757,81.39705569675465,14.645278279817678,81.38411934874706,14.792288717050221,81.52370682136689,14.645666666666667,81.37599999999999,14.738336937760398,81.40158712585071,14.72359747,81.43752796999999,14.799430917112756,81.40870607344552,14.724196736589365,81.42451637662438
typical_sece_24h,1996163N08088,UNNAMED (1996),3h,1996-06-14 09:00:00,14.8,81.4,15.1,81.6,Random Forest,15.068772481675317,81.55476160832417,15.064273891076756,81.5734483067882,15.08205623141798,81.52427569289227,15.061333333333334,81.56733333333334,15.075373758282227,81.53660033190071,15.064568300000001,81.53750829,15.074342686276992,81.48889615331744,15.070060250653864,81.5032923150121
typical_sece_24h,1996163N08088,UNNAMED (1996),3h,1996-06-14 12:00:00,15.1,81.6,15.5,81.9,Random Forest,15.50694522851628,81.95513647149335,15.51762321358643,81.99029037061779,15.447565204780405,81.82206729811779,15.495,81.98766666666666,15.487284869369406,81.94763539153624,15.47362328,81.86670668,15.45458666233491,81.81649138733958,15.501943215669378,81.85571221643873
typical_sece_24h,1996163N08088,UNNAMED (1996),3h,1996-06-14 15:00:00,15.5,81.9,15.9,82.3,Random Forest,15.969061059724282,82.27587264339894,15.986549292599255,82.28978747450041,15.900539775591934,82.21805915840008,15.977333333333334,82.289,15.938844240548505,82.24210880954202,15.91039395,82.22809272,15.91953778669934,82.20283958413731,15.945273121155141,82.22713125624225
typical_sece_24h,1996163N08088,UNNAMED (1996),3h,1996-06-14 18:00:00,15.9,82.3,16.2,82.6,Random Forest,16.271706435620036,82.64397970106005,16.27588409455605,82.65695325915297,16.26151549279148,82.70866657050506,16.286,82.64966666666666,16.247975964859307,82.60272768121816,16.25358027,82.63084746999999,16.261138011701554,82.60189187147876,16.25225496053126,82.59880735660037
typical_sece_24h,1996163N08088,UNNAMED (1996),3h,1996-06-14 21:00:00,16.2,82.6,16.5,82.8,Random Forest,16.443286782079312,82.7847293457125,16.45713727550493,82.79822449550548,16.450745150657195,82.90530121872665,16.465333333333334,82.79866666666666,16.408774514472622,82.78917260621144,16.427069499999998,82.80178482,16.455874339854827,82.80031751871397,16.416760705436133,82.74461301226302
typical_sece_24h,1996163N08088,UNNAMED (1996),3h,1996-06-15 00:00:00,16.5,82.8,16.6,82.8,Random Forest,16.532080304662944,82.88774297384698,16.529151620941402,82.89296279944493,16.63851598117769,83.00858430264078,16.544333333333334,82.89233333333333,16.596508125989608,82.91080316318155,16.59611812,82.91165778,16.686663973351017,82.90746424483606,16.52086451359942,82.87154557464977
typical_sece_24h,1996163N08088,UNNAMED (1996),3h,1996-06-15 03:00:00,16.6,82.8,16.8,83.2,Random Forest,16.81746386909497,83.10841268080881,16.8900821687096,83.1223162794045,16.750704419787358,82.87066384416259,16.875333333333334,83.11933333333333,16.86339004714437,83.01193917985977,16.828752230000003,83.02978972999999,16.74487858425054,82.88355582943464,16.731862724563786,83.06248354240292
typical_sece_24h,1996163N08088,UNNAMED (1996),3h,1996-06-15 06:00:00,16.8,83.2,17.0,83.4,Random Forest,17.06326004369824,83.42707578167922,17.057895575515115,83.43815129526187,16.9938503912574,83.56975850287401,17.057000000000002,83.43033333333334,17.00088005138089,83.44912513262939,16.99292441,83.43837948000001,16.962811278719503,83.43999350471749,17.067733977692953,83.39110447620747
typical_sece_24h,1996163N08088,UNNAMED (1996),3h,1996-06-15 09:00:00,17.0,83.4,17.1,83.6,Random Forest,17.14027227230607,83.60259079336491,17.148088960287208,83.62417090933897,17.170690486330187,83.61252840620304,17.160666666666668,83.62100000000001,17.144510642410125,83.58382488818705,17.15308069,83.59296506000001,17.165519110214206,83.5536511432534,17.118359649318275,83.54219300756529
typical_sece_24h,1996163N08088,UNNAMED (1996),3h,1996-06-15 12:00:00,17.1,83.6,17.2,83.6,Random Forest,17.24155770492991,83.67086520985458,17.226844170480668,83.67671208314965,17.25093792318154,83.7981096097955,17.226333333333336,83.67366666666666,17.23622127389405,83.68380982060079,17.233494200000003,83.6779035,17.187309157931175,83.72745312872256,17.25706335351879,83.65383744273642
typical_sece_24h,1996163N08088,UNNAMED (1996),3h,1996-06-15 15:00:00,17.2,83.6,17.3,83.6,Random Forest,17.28027786309266,83.62706728190676,17.285249054153518,83.62428237277354,17.29573914076727,83.62739964080566,17.282333333333334,83.62333333333333,17.300860167390546,83.61899008365619,17.30834864,83.627303083,17.300222454217877,83.62072255566436,17.273446152395884,83.63274351007666
typical_sece_24h,1996163N08088,UNNAMED (1996),3h,1996-06-15 18:00:00,17.3,83.6,17.4,83.6,Random Forest,17.39969607163436,83.60216254447803,17.404252297684305,83.5990302906493,17.394523832295466,83.61648980384118,17.401333333333334,83.59899999999999,17.400860167390547,83.59232749231585,17.40793377,83.59100271,17.392549609490874,83.60639807843452,17.393917162800122,83.60968075744591
typical_sece_24h,1996163N08088,UNNAMED (1996),3h,1996-06-15 21:00:00,17.4,83.6,17.6,83.6,Random Forest,17.567655030152572,83.602973140238,17.599416155460847,83.60031406993112,17.522928354262433,83.61539971442798,17.592333333333332,83.60033333333332,17.570655363882675,83.59232749231585,17.569133129999997,83.5924961347,17.49810271548265,83.60518208275734,17.529907300144465,83.6093130408452
typical_sece_24h,1996163N08088,UNNAMED (1996),3h,1996-06-16 00:00:00,17.6,83.6,17.8,83.6,Random Forest,17.785542994415337,83.5641544728687,17.793057581723733,83.57136010030476,17.79398669507914,83.57539951894192,17.78966666666667,83.56733333333332,17.790114620084662,83.56152829036182,17.78913142,83.56081861999999,17.781637969002638,83.51423191630815,17.774390110994926,83.54812906384043
typical_sece_24h,1996163N08088,UNNAMED (1996),3h,1996-06-16 03:00:00,17.8,83.6,17.9,83.5,Random Forest,17.98907575377233,83.51412056153627,17.993712865983415,83.49620048691314,17.997422054618244,83.54094875295408,17.991333333333333,83.49933333333333,17.99067616123841,83.49734855805741,17.99188347,83.51642781999999,17.98675796720021,83.51414482008038,17.980796337428384,83.56101786363052
typical_sece_24h,1996163N08088,UNNAMED (1996),3h,1996-06-16 06:00:00,17.9,83.5,18.1,83.3,Random Forest,18.092616783040196,83.31739367128513,18.1043753762407,83.31080075472804,18.05309525960893,83.38925974525255,18.101666666666667,83.31133333333334,18.070621602959363,83.34291117586302,18.070597449999998,83.35031635,18.043454786401515,83.37391700001604,18.07695183544417,83.34065601859598
typical_sece_24h,1996163N08088,UNNAMED (1996),3h,1996-06-16 09:00:00,18.1,83.3,18.2,83.1,Random Forest,18.187398017402497,83.1258700434649,18.18691714446115,83.1251193642142,18.232739959666088,83.07636104931001,18.201666666666668,83.12333333333333,18.192402854012776,83.12457995754677,18.1992586,83.1217312,18.240545179356907,83.12738907853657,18.175241728097618,83.13466758337222
typical_sece_24h,1996163N08088,UNNAMED (1996),3h,1996-06-16 12:00:00,18.2,83.1,18.3,82.9,Random Forest,18.247831172206084,82.89927467837579,18.256182603587693,82.90405458360009,18.278369253917173,82.90032250699264,18.25,82.90466666666666,18.269645137005625,82.90194787914217,18.272645395999998,82.90107133,18.282547081327703,82.89799643232467,18.239854732133026,82.89572752477756
typical_sece_24h,1996163N08088,UNNAMED (1996),3h,1996-06-16 15:00:00,18.3,82.9,18.3,82.7,Random Forest,18.313823015416034,82.6986865076546,18.309147063862056,82.704696473241,18.341825321086308,82.69256609350911,18.313000000000002,82.70400000000001,18.33720317095279,82.69965267630566,18.337388366,82.69718788,18.365686477441493,82.69181041932535,18.31531604362118,82.69218374320316
typical_sece_24h,1996163N08088,UNNAMED (1996),3h,1996-06-16 18:00:00,18.3,82.7,18.3,82.5,Random Forest,18.37344289847459,82.49436996482605,18.381231266220944,82.49863956006799,18.364637992666495,82.49237770328827,18.377333333333333,82.499,18.363578827985506,82.49558239391688,18.369510095,82.4934106,18.342706201597473,82.49180676692941,18.365542592155318,82.4922581186098
typical_sece_24h,1996163N08088,UNNAMED (1996),3h,1996-06-16 21:00:00,18.3,82.5,18.4,82.2,Random Forest,18.388034082665538,82.20883225392988,18.377299560662852,82.20289390076464,18.35888116657944,82.26155722995158,18.377333333333333,82.20700000000001,18.378733103303805,82.21488070720875,18.383592474,82.21842784,18.34712291781336,82.26417796680104,18.399667492138796,82.23488303631107
typical_sece_24h,1996163N08088,UNNAMED (1996),3h,1996-06-17 00:00:00,18.4,82.2,18.4,81.9,Random Forest,18.423216789403842,81.8864714194513,18.421587598370138,81.89722472965661,18.445215833922507,81.89149766118798,18.423,81.89766666666667,18.437000568579723,81.89546245899274,18.441570636999998,81.89046706,18.46673562127695,81.88670567824573,18.42299338605218,81.87295701369312
typical_sece_24h,1996163N08088,UNNAMED (1996),3h,1996-06-17 03:00:00,18.4,81.9,18.5,81.6,Random Forest,18.502258301843366,81.58127854195882,18.495230259985732,81.58979800524963,18.468587049730175,81.59306341172257,18.493,81.593,18.484402996444157,81.59449252986133,18.48970159,81.5944858,18.46121335584656,81.58872808319003,18.511080578717685,81.57338103143594
typical_sece_24h,1996163N08088,UNNAMED (1996),3h,1996-06-17 06:00:00,18.5,81.6,18.6,81.4,Random Forest,18.600989110902454,81.37605369854711,18.606707939335593,81.38321767198386,18.602919073848962,81.32732886224467,18.605333333333334,81.38466666666666,18.598979895400415,81.37215171961799,18.60248066,81.36505507999999,18.58890896324412,81.33600363659701,18.592811960953377,81.36766700558007
typical_sece_24h,1996163N08088,UNNAMED (1996),3h,1996-06-17 09:00:00,18.6,81.4,18.8,81.2,Random Forest,18.79627362158697,81.21218788114737,18.79993564857992,81.21486348462957,18.7735988013148,81.17784127647981,18.795333333333335,81.21400000000001,18.78900808367114,81.17910303235483,18.78332289,81.17879858,18.739819585475278,81.20695039240941,18.79106285175218,81.2132707017073
typical_sece_24h,1996163N08088,UNNAMED (1996),3h,1996-06-17 12:00:00,18.8,81.2,19.0,81.1,Random Forest,19.015039515751198,81.09536892578168,18.99403211675356,81.0870353132146,18.994681952178784,81.02579380865387,18.990333333333336,81.09066666666666,18.996073536210794,81.05815690537538,18.999817240000002,81.04793627000001,18.98669875297672,81.03718814314347,19.039582146812727,81.11980868979545
typical_sece_24h,1996163N08088,UNNAMED (1996),3h,1996-06-17 15:00:00,19.0,81.1,19.3,81.0,Random Forest,19.278190399621742,81.01733702160205,19.27662528546694,81.01084171016895,19.23825743652979,80.99429329856628,19.273666666666667,81.006,19.24219284488613,81.00501732970109,19.2412671,81.00761229999999,19.21386372521792,80.9947006108053,19.27782548878967,81.0364083170204
typical_sece_24h,1996163N08088,UNNAMED (1996),3h,1996-06-17 18:00:00,19.3,81.0,19.5,80.9,Random Forest,19.507814760086678,80.9342950816702,19.511759822899503,80.93454258329436,19.539119979685903,80.92943163405135,19.510333333333335,80.93633333333334,19.498254094666493,80.93256273043866,19.51970935,80.92697716,19.529252539967924,80.90291050738885,19.499844522832475,80.93632986760889
typical_sece_24h,1996163N08088,UNNAMED (1996),3h,1996-06-17 21:00:00,19.5,80.9,19.8,80.9,Random Forest,19.78331583967552,80.88196807196468,19.79890495029614,80.89514757188398,19.743147543050654,80.82643699373415,19.786666666666665,80.88666666666667,19.744524414940145,80.86873436423605,19.74393661,80.864197047,19.717591601083694,80.79846087844547,19.768589916654072,80.85076344964844
typical_sece_24h,1996163N08088,UNNAMED (1996),3h,1996-06-18 00:00:00,19.8,80.9,20.1,80.8,Random Forest,20.01264548232678,80.8237241598823,20.01666420148344,80.81833049217681,20.04626661917213,80.83855298929204,20.00766666666667,80.81533333333334,20.010844974537235,80.82415682042478,20.02418618,80.830987746,20.029165869586766,80.81211278497808,20.009500149263424,80.8398526637639
typical_sece_24h,1996163N08088,UNNAMED (1996),3h,1996-06-18 03:00:00,20.1,80.8,20.4,80.8,Random Forest,20.38553797800931,80.77013111719201,20.385236200474953,80.79212356200728,20.390587740803937,80.73492789123725,20.389,80.788,20.369308713865593,80.75684019484733,20.379998750000002,80.75032085,20.364760117212406,80.68962397450855,20.377662383526516,80.71804002318528
typical_sece_24h,1996163N08088,UNNAMED (1996),3h,1996-06-18 06:00:00,20.4,80.8,20.8,80.7,Random Forest,20.837786251989748,80.75362967776435,20.82426285989718,80.76228093247298,20.776722602123908,80.75009339900818,20.818333333333335,80.76433333333333,20.783998045684925,80.73131167777215,20.78191596,80.737457986,20.741544274295457,80.68183149509174,20.85153242137624,80.73454787328727
typical_sece_24h,1996163N08088,UNNAMED (1996),3h,1996-06-18 09:00:00,20.8,80.7,21.3,80.7,Random Forest,21.255871255357928,80.65505183515435,21.246899396756916,80.68784453409894,21.21882244444008,80.61983975928858,21.249000000000002,80.67866666666667,21.228076502045923,80.65858502347103,21.2261111,80.64601939,21.189639276844236,80.5616823132382,21.256590282694166,80.57736518155603
typical_sece_24h,1996163N08088,UNNAMED (1996),12h,1996-06-11 03:00:00,8.4,87.7,9.0,87.5,Stacking Ensemble,9.11016918226957,87.34838948995433,8.993950535732324,87.46865690814542,9.11435976910488,87.3609262014617,8.959333333333332,87.45533333333334,9.00603331397964,87.3255024157444,9.0523194,87.30740408,9.153561493107318,87.2214183794277,9.199747689187875,87.25174151140243
typical_sece_24h,1996163N08088,UNNAMED (1996),12h,1996-06-11 06:00:00,8.5,87.7,9.3,87.4,Stacking Ensemble,9.333960939259834,87.4558202326131,9.227425976036812,87.45295665802072,9.266666252669175,87.38285739072889,9.392333333333333,87.407,9.262942778818703,87.42167684987041,9.304527,87.3934493,9.193513747972464,87.28848581375703,9.307046081843213,87.51241923180893
typical_sece_24h,1996163N08088,UNNAMED (1996),12h,1996-06-11 09:00:00,8.6,87.7,9.6,87.2,Stacking Ensemble,9.397816257098434,87.42353507135068,9.323799803567262,87.45932811240273,9.3627133338617,87.38546678788651,9.474,87.41566666666667,9.336978969685678,87.39734669881415,9.371945499999999,87.3893486,9.286256601565507,87.29065500323644,9.359208551334948,87.43996860576664
typical_sece_24h,1996163N08088,UNNAMED (1996),12h,1996-06-11 12:00:00,8.8,87.6,9.9,86.9,Stacking Ensemble,9.691898095716867,87.3317556489351,9.57518650873296,87.37233659439181,9.629161731989454,87.28206357736381,9.659333333333334,87.34266666666666,9.62028476007094,87.29000851942274,9.6020778,87.28354302999999,9.598349951655978,87.13748635600712,9.702849594116033,87.32906035681636
typical_sece_24h,1996163N08088,UNNAMED (1996),12h,1996-06-11 15:00:00,9.0,87.5,10.2,86.6,Stacking Ensemble,10.014524375075874,87.1320085681819,9.909148474891097,87.18617137754472,9.935586259864088,87.10791490619727,9.994,87.152,9.93698932114214,87.18337574168277,9.92920285,87.13662922,9.871729290750359,87.00053680867182,10.017537878325319,87.12326223606725
typical_sece_24h,1996163N08088,UNNAMED (1996),12h,1996-06-11 18:00:00,9.3,87.4,10.4,86.2,Stacking Ensemble,10.615582380633189,86.67297583561694,10.462733829826014,86.63913111704882,10.515290387446939,86.5943123991544,10.4,86.599,10.505471684619382,86.64079853516883,10.445934600000001,86.6906493,10.389779994967736,86.84116409197918,10.708393751649739,86.76974768310583
typical_sece_24h,1996163N08088,UNNAMED (1996),12h,1996-06-11 21:00:00,9.6,87.2,10.6,85.9,Stacking Ensemble,10.874428618130738,85.99069574860343,10.717128465176765,85.99024280375292,10.714880355446398,86.0372007717778,10.703666666666667,85.92466666666667,10.71297605997766,86.05413791201077,10.7097696,86.1365152,10.681420175536205,86.36573249325119,10.977141483366728,86.09435161238234
typical_sece_24h,1996163N08088,UNNAMED (1996),12h,1996-06-12 00:00:00,9.9,86.9,10.9,85.6,Stacking Ensemble,10.927858533487713,85.65417333575294,10.997457458136227,85.65555442830698,10.968467564983271,85.68554645574571,10.954,85.60000000000001,10.936617349845699,85.64133644201254,10.904121,85.61344770000001,10.840412786501844,85.75615525021213,10.862824604853344,85.7470390863318
typical_sece_24h,1996163N08088,UNNAMED (1996),12h,1996-06-12 03:00:00,10.2,86.6,11.2,85.2,Stacking Ensemble,11.2929635163179,85.07926103820739,11.253783877851639,85.0788377076239,11.307444470370204,85.21482988115798,11.286999999999999,85.029,11.191424606039863,85.13829654007947,11.2408796,85.1437685,11.18280473228934,85.3158826945435,11.298810304498438,85.17667157333445
typical_sece_24h,1996163N08088,UNNAMED (1996),12h,1996-06-12 06:00:00,10.4,86.2,11.5,84.8,Stacking Ensemble,11.375234178820579,85.05443456318365,11.333228206711562,85.00291647610618,11.289339029797038,85.01948272725156,11.359666666666666,85.04933333333334,11.286112770671796,85.00488846350726,11.2841017,84.9972254,11.206390943065244,84.86400730654299,11.384189081839814,85.09488595834547
typical_sece_24h,1996163N08088,UNNAMED (1996),12h,1996-06-12 09:00:00,10.6,85.9,11.8,84.4,Stacking Ensemble,11.824917677376124,84.76270155387652,11.721341721362853,84.62461346152088,11.63038663557914,84.7061985419868,11.776333333333332,84.66033333333334,11.641965236294947,84.70794147151082,11.650254799999999,84.6779932,11.493809046241557,84.72929112058888,11.887491485600332,84.90066182635329
typical_sece_24h,1996163N08088,UNNAMED (1996),12h,1996-06-12 12:00:00,10.9,85.6,12.1,83.9,Stacking Ensemble,12.126082933027012,84.23000983226851,12.087993638113897,84.22364479747365,12.13715964113896,84.32301871770966,12.062333333333333,84.16633333333333,11.993982676599254,84.26574812598732,12.0439182,84.2949692,11.91555293407049,84.38816970125458,12.167776785929794,84.3362559313013
typical_sece_24h,1996163N08088,UNNAMED (1996),12h,1996-06-12 15:00:00,11.2,85.2,12.5,83.1,Stacking Ensemble,12.333731445371571,83.46532589863351,12.213245352826082,83.42099522138416,12.168627789956618,83.58095751639647,12.228333333333332,83.30466666666666,12.15580024288118,83.51090052765336,12.219774999999998,83.62605070000001,12.214238206050705,83.69961282659463,12.42307785527002,83.68029530248741
typical_sece_24h,1996163N08088,UNNAMED (1996),12h,1996-06-12 18:00:00,11.5,84.8,12.8,83.0,Stacking Ensemble,12.70014873912081,83.08819789621779,12.575389219374951,83.03528903804803,12.611538509442031,83.17546748986128,12.624333333333333,82.92699999999999,12.533209934165795,83.1249584068381,12.5584464,83.2410503,12.522717432455327,83.29392988365632,12.767287294611965,83.30300344559669
typical_sece_24h,1996163N08088,UNNAMED (1996),12h,1996-06-12 21:00:00,11.8,84.4,13.0,82.6,Stacking Ensemble,13.104736374255719,82.57544548851236,12.887174099733132,82.51376815572895,12.979435064943551,82.5515531893382,12.929666666666668,82.53133333333334,12.901261014369771,82.52402625245806,12.915768,82.67033350000001,12.884308710703616,82.78576429176815,13.230682870104436,82.67604404597347
typical_sece_24h,1996163N08088,UNNAMED (1996),12h,1996-06-13 00:00:00,12.1,83.9,13.2,82.2,Stacking Ensemble,13.422987345323588,81.65541538354707,13.217345662099412,81.68081852040562,13.325771677897011,81.89308077487678,13.214666666666666,81.70066666666668,13.212829064231036,81.72396346878836,13.225807399999999,81.8934916,13.195330791320359,81.89614477520266,13.566420483273571,81.67914591574433
typical_sece_24h,1996163N08088,UNNAMED (1996),12h,1996-06-13 03:00:00,12.5,83.1,13.5,81.8,Stacking Ensemble,13.787008593824432,81.7113363373182,13.89135551828018,81.56593113671244,13.602241969086917,81.53164041302776,13.857,81.65133333333333,13.797549396771963,81.60574208059073,13.7401371,81.6172491,13.523956616794479,81.29827239052952,13.689301323423878,81.81446598555017
typical_sece_24h,1996163N08088,UNNAMED (1996),12h,1996-06-13 06:00:00,12.8,83.0,13.7,81.5,Stacking Ensemble,13.904666929794363,81.91147646023387,13.90168664713469,81.61120537004979,13.822157424654883,81.91014246375626,13.846333333333334,81.57966666666667,13.76798039962515,81.67045942013154,13.78470813,81.8847139,13.790686575068941,82.31269296077843,13.952198980179563,82.27854620816795
typical_sece_24h,1996163N08088,UNNAMED (1996),12h,1996-06-13 09:00:00,13.0,82.6,13.7,81.2,Stacking Ensemble,13.948212943485672,81.17629348505044,13.880313700864962,81.25604084607579,13.960096423261124,81.28844341680598,13.929333333333332,81.33099999999999,13.86057986154772,81.21347117181402,13.85766536,81.2694614,13.823341271418546,81.1146098368057,13.959109598839628,81.0646975226885
typical_sece_24h,1996163N08088,UNNAMED (1996),12h,1996-06-13 12:00:00,13.2,82.2,13.8,81.2,Stacking Ensemble,14.173043800619121,80.68759847583233,14.061380310440537,80.74653147122645,14.138731319483622,80.80798329419034,14.067666666666666,80.72866666666667,14.07372226302435,80.79376776390835,14.076640739999998,80.75900080000001,14.00061149454917,80.68150795522513,14.227417259090457,80.69295621693135
typical_sece_24h,1996163N08088,UNNAMED (1996),12h,1996-06-13 15:00:00,13.5,81.8,14.1,81.1,Stacking Ensemble,14.43654393870013,80.64960019022084,14.495616338523368,80.57917292956628,14.466039047660406,80.67155175452162,14.492,80.61233333333332,14.44969844669682,80.6127853855361,14.4528576,80.6193265,14.345505951936865,80.49155230620816,14.360468547862759,80.72253057290035
typical_sece_24h,1996163N08088,UNNAMED (1996),12h,1996-06-13 18:00:00,13.7,81.5,14.5,81.3,Stacking Ensemble,14.152588528714611,80.43408070100111,14.253787538720717,80.40104959886688,14.239229376521441,80.5320063149531,14.179333333333334,80.362,14.22546626552279,80.55592683328437,14.2435792,80.4940091,14.3090663696244,80.3708959434163,14.079818540726947,80.53939774317195
typical_sece_24h,1996163N08088,UNNAMED (1996),12h,1996-06-13 21:00:00,13.7,81.2,14.8,81.4,Stacking Ensemble,14.073198614804552,80.66055697914278,14.04377551837914,80.51099921388543,14.006580192241591,80.47416629059335,14.030999999999999,80.658,14.04264350529785,80.45064982595751,14.07908077,80.57073284,14.00019352009127,80.22234025814433,14.090759504298298,80.67976102641487
typical_sece_24h,1996163N08088,UNNAMED (1996),12h,1996-06-14 00:00:00,13.8,81.2,15.1,81.6,Stacking Ensemble,14.66167884528029,80.92773205026471,14.707652181329378,81.0386770551268,14.568865427130218,81.01530776703449,14.769,81.05033333333334,14.76067956005377,81.04132466395862,14.6807537,80.98641734,14.439952918397463,80.75110126216317,14.519674540945514,80.81290009024978
typical_sece_24h,1996163N08088,UNNAMED (1996),12h,1996-06-14 03:00:00,14.1,81.1,15.5,81.9,Stacking Ensemble,15.42136818937647,81.16231313069757,15.48935009423461,81.22462092121205,15.163889668207714,81.11661716327549,15.598666666666666,81.16633333333333,15.410366906405141,81.09038524222281,15.3409745,81.23824995999999,14.93347220799458,81.10344879051831,15.286158643595586,81.15635093634637
typical_sece_24h,1996163N08088,UNNAMED (1996),12h,1996-06-14 06:00:00,14.5,81.3,15.9,82.3,Stacking Ensemble,15.226287165368886,81.96930995909005,15.523810000094148,82.04222133036485,15.42282650611998,81.71369144281947,15.475000000000001,82.11266666666667,15.36296375837547,81.57862672640653,15.3804087,81.7219587,15.416557315913266,81.67298518127316,15.007648682523792,81.80458251569699
typical_sece_24h,1996163N08088,UNNAMED (1996),12h,1996-06-14 09:00:00,14.8,81.4,16.2,82.6,Stacking Ensemble,15.706366352283283,81.95211747170194,15.712816068847651,81.99612892955052,15.667721068320413,81.86576937517648,15.599,82.10300000000001,15.769428304438605,81.82763667176624,15.7309415,81.91755540000001,15.65120450943709,81.67539393830758,15.676827140254831,81.78343946021167
typical_sece_24h,1996163N08088,UNNAMED (1996),12h,1996-06-14 12:00:00,15.1,81.6,16.5,82.8,Stacking Ensemble,16.204759929152868,82.55297591550575,16.027676223771653,82.45745410167869,16.092129038776754,82.34895121261715,16.051666666666666,82.448,16.085760525107066,82.33847058776307,16.1507332,82.39725575,16.154059704768148,82.20970721700965,16.284690533868304,82.6291024975546
typical_sece_24h,1996163N08088,UNNAMED (1996),12h,1996-06-14 15:00:00,15.5,81.9,16.6,82.8,Stacking Ensemble,16.803456062681246,83.06067093080863,16.826189637125534,83.04692040926862,16.57623344274613,82.79367361189595,16.769666666666666,82.84700000000001,16.83302775811188,83.10326445432045,16.785863,82.9871816,16.680940535455285,82.74866770870575,16.74064129880839,83.23964331731074
typical_sece_24h,1996163N08088,UNNAMED (1996),12h,1996-06-14 18:00:00,15.9,82.3,16.8,83.2,Stacking Ensemble,17.04961277483548,83.43772792227655,17.12106768948903,83.4693667741194,16.91513660670291,83.31358239468643,17.071333333333335,83.40899999999999,17.064742559783262,83.48786341383062,17.1095102,83.4782582,16.990443978777826,83.12643542086255,16.97731708050222,83.43152013983257
typical_sece_24h,1996163N08088,UNNAMED (1996),12h,1996-06-14 21:00:00,16.2,82.6,17.0,83.4,Stacking Ensemble,16.882635089488467,83.27482609599015,16.962634779688244,83.52395625147479,17.022876578234168,83.3946113295795,16.927999999999997,83.37299999999999,17.00435928467709,83.42835975285745,17.0005371,83.43521795,17.0372577627277,83.18628206803369,16.764256842942995,83.15534214014845
typical_sece_24h,1996163N08088,UNNAMED (1996),12h,1996-06-15 00:00:00,16.5,82.8,17.1,83.6,Stacking Ensemble,16.886066792408013,83.10753608098513,17.197478235538053,83.39255400347997,17.286356024437136,83.24555604523232,17.162,83.29133333333333,17.11595461366023,83.25058566816176,17.1640827,83.25553255,17.18096292536171,83.17933447974532,16.621003560051875,82.91331702453658
typical_sece_24h,1996163N08088,UNNAMED (1996),12h,1996-06-15 03:00:00,16.6,82.8,17.2,83.6,Stacking Ensemble,17.329960472862442,83.43864097093832,17.26205374510858,83.49077732498388,17.212699343028113,83.20083902879628,17.28166666666667,83.55,17.264129759762266,83.41442926881244,17.191981600000002,83.28734048,17.11663092509569,82.94944913260268,17.352422432025016,83.3070203326099
typical_sece_24h,1996163N08088,UNNAMED (1996),12h,1996-06-15 06:00:00,16.8,83.2,17.3,83.6,Stacking Ensemble,17.281735531847733,84.02501546888243,17.484058828068925,84.26164444791922,17.47720388462375,84.08193624923187,17.575333333333333,84.13900000000001,17.475420468947405,84.15264405368147,17.486695100000002,84.086185,17.42199122955416,83.8143681624242,17.023921513526254,83.88500896316988
typical_sece_24h,1996163N08088,UNNAMED (1996),12h,1996-06-15 09:00:00,17.0,83.4,17.4,83.6,Stacking Ensemble,17.719048028554298,84.05415641249031,17.68318142382395,84.13767206460474,17.68476029269886,83.9949461841386,17.740666666666666,84.095,17.6545713078211,83.99059210310315,17.670213,84.033038,17.64715745608646,83.84058244377886,17.71031918032405,83.99293295559545
typical_sece_24h,1996163N08088,UNNAMED (1996),12h,1996-06-15 12:00:00,17.1,83.6,17.6,83.6,Stacking Ensemble,17.524889258773577,84.18132511789526,17.605560529127125,84.18910250959976,17.607441239871267,84.03147459329531,17.665000000000003,84.06866666666666,17.59019984159815,84.02572622182826,17.621563400000003,84.1159567,17.475539468819786,84.02949034775229,17.40730405049845,84.27663352216348
typical_sece_24h,1996163N08088,UNNAMED (1996),12h,1996-06-15 15:00:00,17.2,83.6,17.8,83.6,Stacking Ensemble,17.60845756444414,83.71803551408033,17.543932144464577,83.60309067819495,17.687053667446868,83.46545520262562,17.528,83.443,17.6492662848959,83.48669089134818,17.63361828,83.52402298999999,17.586749153719104,83.6687007070102,17.602644519203665,83.9908361203779
typical_sece_24h,1996163N08088,UNNAMED (1996),12h,1996-06-15 18:00:00,17.3,83.6,17.9,83.5,Stacking Ensemble,17.687423219362078,83.63922091781556,17.6709798450709,83.506768625092,17.793767358648147,83.4835284393144,17.701666666666668,83.375,17.714726156566908,83.47221050220772,17.74291466,83.53006253,17.68635677697956,83.61673403905807,17.647965179090544,83.90358198026082
typical_sece_24h,1996163N08088,UNNAMED (1996),12h,1996-06-15 21:00:00,17.4,83.6,18.1,83.3,Stacking Ensemble,17.935028665277688,83.73092034500438,17.989408203444288,83.66338363667677,17.974679102154834,83.63847198875003,18.139999999999997,83.615,17.968875790057822,83.57669903051007,17.974192459999998,83.613617423,17.798190916048114,83.61136446247092,17.800529791065674,83.84339577061795
typical_sece_24h,1996163N08088,UNNAMED (1996),12h,1996-06-16 00:00:00,17.6,83.6,18.2,83.1,Stacking Ensemble,18.38367498312325,83.45527379446196,18.345261862093484,83.47801282693348,18.38047828114547,83.40462532242314,18.374333333333336,83.55933333333333,18.42056149186573,83.43727737357763,18.377707100000002,83.44469694,18.323289174335105,83.21048288780689,18.33069793446634,83.3551454665065
typical_sece_24h,1996163N08088,UNNAMED (1996),12h,1996-06-16 03:00:00,17.8,83.6,18.3,82.9,Stacking Ensemble,18.54432829377777,83.27743609730194,18.536065681995115,83.21727529344447,18.574803901351295,83.33155453137708,18.573666666666668,83.16799999999999,18.55213747334271,83.2562732421073,18.5616564,83.28158703999999,18.537220055515522,83.20601401792942,18.49182819784761,83.3973775803355
typical_sece_24h,1996163N08088,UNNAMED (1996),12h,1996-06-16 06:00:00,17.9,83.5,18.3,82.7,Stacking Ensemble,18.604300405987637,82.85530000580246,18.596812839800577,82.78194232904792,18.561853803643842,82.89708239368603,18.74533333333333,82.74333333333333,18.60070429749337,82.80797948462158,18.5660645,82.8483137,18.500761869985716,82.92305939837621,18.510388710546597,82.9877182243099
typical_sece_24h,1996163N08088,UNNAMED (1996),12h,1996-06-16 09:00:00,18.1,83.3,18.3,82.5,Stacking Ensemble,18.5836982065624,82.43209288642096,18.66040518234573,82.43346498502095,18.667278459932778,82.5289077177947,18.662666666666667,82.31933333333333,18.639391608040135,82.55411996973571,18.612965900000003,82.5356262,18.6971218775627,82.53946945635758,18.495624187688342,82.57219074369613
typical_sece_24h,1996163N08088,UNNAMED (1996),24h,1996-06-11 03:00:00,8.4,87.7,10.2,86.6,Stacking Ensemble,10.127385568141364,86.79487120926457,9.904176987018197,86.99131018990684,10.02211827049112,86.65206922615577,10.010666666666667,87.06066666666666,9.914834708493464,86.75442905831807,10.096227800000001,86.76895345,9.986889946991477,86.6109740101544,10.06670156409784,86.48097749664198
typical_sece_24h,1996163N08088,UNNAMED (1996),24h,1996-06-11 06:00:00,8.5,87.7,10.4,86.2,Stacking Ensemble,10.250301375537344,87.12018249940552,10.046440458870586,87.1455283828163,10.021244718299123,86.88216231981588,10.265333333333333,87.027,10.043255461574494,86.92337477204829,10.1407174,86.92513944000001,10.054724522240564,86.77628419997522,10.118924179978512,87.18272392430822
typical_sece_24h,1996163N08088,UNNAMED (1996),24h,1996-06-11 09:00:00,8.6,87.7,10.6,85.9,Stacking Ensemble,10.310759622659784,86.92172150179871,10.14837703473928,87.14495741056342,10.07977344869591,86.78848908550455,10.382333333333332,87.06666666666668,10.08975151524559,86.89049569880706,10.16359,86.9171743,10.12595656408179,86.80160362207847,10.164662395963088,86.6246346621958
typical_sece_24h,1996163N08088,UNNAMED (1996),24h,1996-06-11 12:00:00,8.8,87.6,10.9,85.6,Stacking Ensemble,10.621129691415346,87.00225121353478,10.424521994255855,87.03195245594314,10.520528669051796,86.65021959835505,10.49,87.00399999999999,10.445100145682135,86.7812348722914,10.5348845,86.85547093,10.433201883777166,86.6141263383779,10.585535557877632,87.01222472923212
typical_sece_24h,1996163N08088,UNNAMED (1996),24h,1996-06-11 15:00:00,9.0,87.5,11.2,85.2,Stacking Ensemble,10.954677939045057,86.82972345697644,10.720726629579296,86.84730572598221,10.79307358001876,86.55600404748012,10.77,86.81166666666667,10.773657037973841,86.57624874378828,10.7859322,86.6774877,10.72611103331653,86.49015702211733,10.83209596221841,86.87133448492871
typical_sece_24h,1996163N08088,UNNAMED (1996),24h,1996-06-11 18:00:00,9.3,87.4,11.5,84.8,Stacking Ensemble,11.738509148573781,86.21810571047664,11.609219938484024,86.07173439478548,11.562331882777242,86.23375757604087,11.610000000000001,85.89366666666668,11.522044965468053,86.2090982311042,11.586646100000001,86.0944053,11.36115767867064,86.3293616498296,11.672935520455889,86.66881150897028
typical_sece_24h,1996163N08088,UNNAMED (1996),24h,1996-06-11 21:00:00,9.6,87.2,11.8,84.4,Stacking Ensemble,11.9181843644553,85.20414993691966,11.852157965142574,84.99448327289723,11.746384847561275,85.0857690761083,11.872,84.75733333333334,11.732722404493106,85.09748880673958,11.749485799999999,85.1400127,11.65558932568679,85.73989442083729,11.80017138558446,85.86546322076002
typical_sece_24h,1996163N08088,UNNAMED (1996),24h,1996-06-12 00:00:00,9.9,86.9,12.1,83.9,Stacking Ensemble,12.136412063890537,84.68440566373312,12.083175867128697,84.787408399436,12.037554516309847,84.59078299302185,12.03233333333333,84.70933333333333,12.018371825925268,84.48843561971813,11.998834800000001,84.45572560000001,11.74032070068313,84.72521411986745,11.818468579290144,84.72107170944842
typical_sece_24h,1996163N08088,UNNAMED (1996),24h,1996-06-12 03:00:00,10.2,86.6,12.5,83.1,Stacking Ensemble,12.531068098069598,83.96429501676008,12.409319333167844,83.90004231671523,12.421350598559316,84.01819449352847,12.404333333333332,83.89966666666666,12.39696063588152,83.85010814556998,12.3746206,83.9716576,12.124981599859648,84.28920835319339,12.27203918154501,84.29615306355262
typical_sece_24h,1996163N08088,UNNAMED (1996),24h,1996-06-12 06:00:00,10.4,86.2,12.8,83.0,Stacking Ensemble,12.531834034196383,84.3323955470923,12.339466319273326,84.46981564678951,12.246526018589192,84.25544596650512,12.376333333333333,84.54833333333333,12.360208753305173,84.21374386828387,12.2622962,84.2597302,12.070279045373967,83.78769867893108,12.340163610503112,84.1987942832249
typical_sece_24h,1996163N08088,UNNAMED (1996),24h,1996-06-12 09:00:00,10.6,85.9,13.0,82.6,Stacking Ensemble,12.821114780449099,84.17559487282615,12.690667142932995,84.12640432719158,12.545307586399975,84.14972280847286,12.762333333333332,84.32233333333333,12.618881119973912,84.08281795701294,12.582955199999999,84.04438710000001,12.33711566093083,83.7966314880228,12.753553335052423,84.30545764563865
typical_sece_24h,1996163N08088,UNNAMED (1996),24h,1996-06-12 12:00:00,10.9,85.6,13.2,82.2,Stacking Ensemble,13.308107479852595,83.03148224991126,13.209683405840696,83.04441701638656,13.27139280025012,83.32425885739191,13.236666666666665,82.84033333333333,13.289343077925277,83.32128214382811,13.1193942,83.2610126,12.778699703453736,83.30505862561685,12.97514351357771,83.3231547680542
typical_sece_24h,1996163N08088,UNNAMED (1996),24h,1996-06-12 15:00:00,11.2,85.2,13.5,81.8,Stacking Ensemble,13.403680615057292,82.13136279732306,13.158488912983959,82.00406647618259,13.168180122096288,82.00607924125818,13.167333333333332,81.97566666666667,13.191306254386197,81.97357540940702,13.192684,82.1820163,13.098329388232429,82.53918878444912,13.275148021235252,82.62626280084349
typical_sece_24h,1996163N08088,UNNAMED (1996),24h,1996-06-12 18:00:00,11.5,84.8,13.7,81.5,Stacking Ensemble,13.769939183984938,81.73688847215743,13.61372809845012,81.6384640308673,13.672077428210837,81.63331354107954,13.604999999999999,81.53233333333333,13.65546384039017,81.63616382635047,13.6636417,81.74674089999999,13.385100439934932,82.0966222258843,13.57054759057078,82.2191487230446
typical_sece_24h,1996163N08088,UNNAMED (1996),24h,1996-06-12 21:00:00,11.8,84.4,13.7,81.2,Stacking Ensemble,14.094213055055398,81.37072886371125,13.918889745885853,81.21683988000457,13.988049503624818,81.10754764643822,13.908999999999999,81.343,13.898604359299538,81.00705888213028,14.0543948,81.19694750000001,13.775789242550264,81.66488612150263,14.043549179719697,81.83128864298038
typical_sece_24h,1996163N08088,UNNAMED (1996),24h,1996-06-13 00:00:00,12.1,83.9,13.8,81.2,Stacking Ensemble,14.369323753916046,79.95325379977865,14.316752940113965,79.72916666395322,14.258516762836297,79.75443003932637,14.253666666666666,79.85466666666667,14.225006051136496,79.75082000385002,14.1906062,80.1146049,14.109156914150814,80.5854569497359,14.412032170644558,80.61550122802775
typical_sece_24h,1996163N08088,UNNAMED (1996),24h,1996-06-13 03:00:00,12.5,83.1,14.1,81.1,Stacking Ensemble,14.881905862633026,80.03511366727733,14.957587431135856,79.91829645771811,14.773232919386908,80.0726956689027,15.013666666666667,80.20733333333332,14.881687539175157,80.0531296322975,14.7984133,80.076218,14.392075421572205,79.94740786147179,14.54063998387043,80.34891016356147
typical_sece_24h,1996163N08088,UNNAMED (1996),24h,1996-06-13 06:00:00,12.8,83.0,14.5,81.3,Stacking Ensemble,14.815289061764545,81.28014069599439,14.94009442443758,80.67281903040445,14.807843796609141,80.71771537053598,14.803333333333333,80.722,14.769532279521831,80.5900418102971,14.767462700000001,81.0461975,14.696634200765784,81.82239458643092,14.919978295396366,82.48683260335373
typical_sece_24h,1996163N08088,UNNAMED (1996),24h,1996-06-13 09:00:00,13.0,82.6,14.8,81.4,Stacking Ensemble,14.886392787132596,80.11342386879285,14.770358649632026,80.23574357322693,14.798830481698394,80.43683444916246,14.817333333333334,80.36366666666666,14.768037102585637,80.42892877900414,14.772603,80.4193078,14.667453216963935,80.01145967548851,14.819691493287884,80.03252179390557
typical_sece_24h,1996163N08088,UNNAMED (1996),24h,1996-06-13 12:00:00,13.2,82.2,15.1,81.6,Stacking Ensemble,15.044262405248888,79.43722315528238,14.904272350567897,79.54094706599241,14.941970260183307,79.66785574560342,15.012,79.49533333333333,14.904431874508623,79.65756318044592,14.888058899999999,79.63038180000001,14.752942640522523,79.41472279976377,14.950131912209894,79.50093032970345
typical_sece_24h,1996163N08088,UNNAMED (1996),24h,1996-06-13 15:00:00,13.5,81.8,15.5,81.9,Stacking Ensemble,15.426748614800989,79.5557760322404,15.476719522786931,79.77105227474908,15.435112097681076,79.73615198657515,15.425,79.89766666666667,15.420058679792351,79.87998782012643,15.4526068,79.7498777,15.04696459015725,79.21424462718025,15.097471315598284,79.28871872621447
typical_sece_24h,1996163N08088,UNNAMED (1996),24h,1996-06-13 18:00:00,13.7,81.5,15.9,82.3,Stacking Ensemble,15.0111185143135,79.2374990089532,15.132142571448849,79.3195949259577,14.841466071874882,79.58215152314453,15.118666666666664,79.42466666666667,14.987540261743934,79.67843466362066,14.9496369,79.430051,14.917845061401149,79.2211079317856,14.762137044864419,79.22210628613415
typical_sece_24h,1996163N08088,UNNAMED (1996),24h,1996-06-13 21:00:00,13.7,81.2,16.2,82.6,Stacking Ensemble,14.5501234170915,79.21216364026854,14.451840693243557,79.31538261439896,14.473100643945141,79.40470177835259,14.419333333333332,79.37066666666666,14.528970184679025,79.47016869334246,14.5082968,79.3361629,14.387756620267531,78.96164563818759,14.467201136395012,79.16170376163234
typical_sece_24h,1996163N08088,UNNAMED (1996),24h,1996-06-14 00:00:00,13.8,81.2,16.5,82.8,Stacking Ensemble,15.378274929110958,80.3790861039765,15.322065873184897,80.71316569408995,15.190002199892636,80.69412651239611,15.506,80.64433333333334,15.221596374788694,80.56864130208736,15.231322500000001,80.63107325,15.067872761432795,80.09336073492686,15.123174108306374,79.88161248893408
typical_sece_24h,1996163N08088,UNNAMED (1996),24h,1996-06-14 03:00:00,14.1,81.1,16.6,82.8,Stacking Ensemble,16.268640199299654,81.31407166776886,16.24866181339841,81.41879833763831,16.08081789559913,80.99663023809137,16.318333333333335,81.43733333333333,16.172218854780432,81.14671383244546,16.0710618,81.114252888,15.586163667536152,80.89116750323159,15.98122888829814,81.0989740736742
typical_sece_24h,1996163N08088,UNNAMED (1996),24h,1996-06-14 06:00:00,14.5,81.3,16.8,83.2,Stacking Ensemble,16.536992914313473,82.30438713663087,16.53901282089146,82.38138286665483,16.409333244254462,82.03385480661603,16.505333333333336,82.50166666666667,16.42711475852242,81.95537845032183,16.4369029,81.8287392,16.13516175225162,81.79053794990556,16.190073795703505,82.02232053635122
typical_sece_24h,1996163N08088,UNNAMED (1996),24h,1996-06-14 09:00:00,14.8,81.4,17.0,83.4,Stacking Ensemble,16.598629008523634,82.45125966742926,16.49585983919909,82.51238581400041,16.49219791516843,82.11686615316472,16.510666666666665,82.724,16.459882130458663,82.30989248597815,16.5653532,82.2520209,16.35415602997797,81.87087912168906,16.532058241140202,82.14724361628579
typical_sece_24h,1996163N08088,UNNAMED (1996),24h,1996-06-14 12:00:00,15.1,81.6,17.1,83.6,Stacking Ensemble,17.184859601432738,83.30602006533752,16.83570300582936,83.2123748656181,16.991608827267086,83.10788215404509,17.012333333333334,83.151,16.89008288922835,83.06850080591687,16.9753926,83.1303154,16.934072685922843,82.63124869148288,17.248060399759403,83.3655197609561
typical_sece_24h,1996163N08088,UNNAMED (1996),24h,1996-06-14 15:00:00,15.5,81.9,17.2,83.6,Stacking Ensemble,17.712884547643988,83.6027782064919,17.608375627963504,83.54313269908681,17.52905175123908,83.53708573015395,17.591,83.55300000000001,17.532454952799817,83.42621799998321,17.567875,83.3076973,17.493541939756163,82.99692244744497,17.725235528487122,83.56513307770307
typical_sece_24h,1996163N08088,UNNAMED (1996),24h,1996-06-14 18:00:00,15.9,82.3,17.3,83.6,Stacking Ensemble,18.06807554204984,83.9700401234856,17.977059518446,83.89959016108035,17.94926803861248,83.85556353644387,17.959333333333337,83.91799999999999,17.901666056094342,83.8408231117498,17.9227768,83.83958,17.812437147666056,83.48071586565668,17.9957113563567,83.95012564507525
typical_sece_24h,1996163N08088,UNNAMED (1996),24h,1996-06-14 21:00:00,16.2,82.6,17.4,83.6,Stacking Ensemble,18.140775081717777,84.08259070798943,18.001801896378698,84.0546296667649,18.03548772236282,83.75310061155083,18.172333333333334,84.02866666666667,18.001043328804016,84.01334828992404,18.0181051,83.8664549,17.79005459389831,83.53358160125975,17.985053593981668,84.02439577332753
typical_sece_24h,1996163N08088,UNNAMED (1996),24h,1996-06-15 00:00:00,16.5,82.8,17.6,83.6,Stacking Ensemble,18.26202135329312,84.03428333839652,18.287491270904823,84.08090035719498,18.348802842173182,83.94737871174317,18.377333333333336,84.03033333333333,18.3868672439101,84.08930356514104,18.1916723,83.9386622,17.95586175995328,83.5265702279687,18.078330402850963,83.87508703883898
typical_sece_24h,1996163N08088,UNNAMED (1996),24h,1996-06-15 03:00:00,16.6,82.8,17.8,83.6,Stacking Ensemble,17.910191314397636,83.68840802408283,17.738369037291726,83.98893405219108,17.645661610402467,83.59049743481302,17.700666666666667,83.92133333333334,17.811371321742723,83.81998007356721,17.7933428,83.58962916,17.67755955348894,82.89857450565442,18.007275081233146,83.11030148146212
typical_sece_24h,1996163N08088,UNNAMED (1996),24h,1996-06-15 06:00:00,16.8,83.2,17.9,83.5,Stacking Ensemble,18.340550233524105,84.24408040735536,18.30602674724653,84.30041130149475,18.204642087793303,84.5236711648796,18.240333333333332,83.79866666666668,18.38451641750482,84.53318965137701,18.2610612,84.3410108,18.008256900747874,84.10027387395961,17.973085114397897,84.31326694352435
typical_sece_24h,1996163N08088,UNNAMED (1996),24h,1996-06-15 09:00:00,17.0,83.4,18.1,83.3,Stacking Ensemble,18.628812721954134,84.54653747431139,18.62604668451234,84.54756969759299,18.402920192190713,84.38942213899891,18.65233333333333,84.20933333333333,18.52751627862879,84.61627958947099,18.5771049,84.5112362,18.19513791143083,84.16511557622871,18.37038517055106,84.62319249615267
typical_sece_24h,1996163N08088,UNNAMED (1996),24h,1996-06-15 12:00:00,17.1,83.6,18.2,83.1,Stacking Ensemble,18.310813871090453,84.89286710181827,18.078336667659407,84.83469065706502,18.039593986215298,84.62326058338407,18.15566666666667,84.73933333333333,18.20275043585594,84.81599879848842,18.2041784,84.75659239999999,17.98138500025752,84.37320875083266,18.00356580209323,84.93991223188169
typical_sece_24h,1996163N08088,UNNAMED (1996),24h,1996-06-15 15:00:00,17.2,83.6,18.3,82.9,Stacking Ensemble,18.309288113532535,83.68013518645611,18.091541160083956,83.66558641740004,18.210412359625593,83.36532751147462,18.083666666666666,83.54633333333332,18.355173262974855,83.555614592152,18.2878752,83.41397927999999,18.093482373282047,83.58399643962765,17.907013435567716,83.76053764974695
typical_sece_24h,1996163N08088,UNNAMED (1996),24h,1996-06-15 18:00:00,17.3,83.6,18.3,82.7,Stacking Ensemble,18.423866640106144,83.70770986747897,18.2892147660049,83.68148797778036,18.409247157364675,83.56780784193009,18.44,83.63,18.364992852843073,83.6283254176043,18.4035218,83.561871035,18.169485787507778,83.54302363056478,17.900309571631634,83.77223470287072
typical_sece_24h,1996163N08088,UNNAMED (1996),24h,1996-06-15 21:00:00,17.4,83.6,18.3,82.5,Stacking Ensemble,18.57556611367876,83.92605642626434,18.32985794598563,83.91635462553816,18.425724190228657,83.83688135934086,18.352666666666664,83.91033333333333,18.503007717739607,83.91641691611298,18.587403199999997,83.79644193,18.282604111562833,83.63039842280382,18.090739306508972,83.91979669666397
typical_sece_24h,1996163N08088,UNNAMED (1996),24h,1996-06-16 00:00:00,17.6,83.6,18.4,82.2,Stacking Ensemble,19.233884145193826,82.90415267545947,19.212112094832758,83.07992168131432,19.162856403694818,83.00186746051735,19.22266666666667,83.18833333333333,19.132823598075582,82.95519245828606,19.211316200000002,83.0722412,18.97666903474471,82.77838219507491,19.053047557041022,82.59027773041538
typical_sece_24h,1996163N08088,UNNAMED (1996),24h,1996-06-16 03:00:00,17.8,83.6,18.4,81.9,Stacking Ensemble,19.44098875872615,82.81931298595624,19.3921156662691,82.92686032428122,19.345970371438078,82.90105529684267,19.391000000000002,82.85433333333333,19.346612658425595,82.91792480794409,19.3617535,82.87456564,19.22696467234177,82.81366319597366,19.200645434456085,82.72724247926105
typical_sece_24h,1996163N08088,UNNAMED (1996),24h,1996-06-16 06:00:00,17.9,83.5,18.5,81.6,Stacking Ensemble,19.25711565516455,82.1705605328812,19.190895228006728,82.14303421786316,19.173488063050247,82.3145132866798,19.252666666666666,81.87866666666666,19.163512219660703,82.15021900150428,19.121732599999998,82.1935445,19.11880633678782,82.31286723686542,18.959153651942042,82.46398097813304
typical_sece_24h,1996163N08088,UNNAMED (1996),24h,1996-06-16 09:00:00,18.1,83.3,18.6,81.4,Stacking Ensemble,19.437767293031747,81.72345519504225,19.559821874324072,81.78336151779044,19.441044984808773,81.7681915527867,19.643,81.63533333333334,19.514916246183063,81.71864952268177,19.4277723,81.8476167,19.301424374717147,81.80177767301248,19.167931348813884,81.82077224712268
typical_sece_24h,1996163N08088,UNNAMED (1996),48h,1996-06-11 03:00:00,8.4,87.7,12.5,83.1,XGBoost,12.15362993949475,85.53797254620201,11.880664088873091,85.84282132191623,12.182133800059827,85.1056135847762,11.587666666666664,85.77033333333334,11.953162131139798,85.02374944918124,12.1420988,85.167632,11.637807189283052,85.32555800937305,11.789205240441827,85.33519675088456
typical_sece_24h,1996163N08088,UNNAMED (1996),48h,1996-06-11 06:00:00,8.5,87.7,12.8,83.0,XGBoost,12.265288188486767,85.6333229985162,11.744628420829834,85.90414977724532,12.12123281118032,85.29287598755982,12.176333333333334,85.96566666666666,11.868529759701744,85.51061157175609,12.0706074,85.5141294,11.736605658794378,85.72945940067787,11.774958020125053,85.3877536885525
typical_sece_24h,1996163N08088,UNNAMED (1996),48h,1996-06-11 09:00:00,8.6,87.7,13.0,82.6,XGBoost,12.527934044444734,85.9519753690124,11.843128851878674,86.2374688384454,12.215939523507881,85.61431255168743,12.382333333333335,86.10600000000001,12.141518618405673,85.67297143326404,12.2206055,85.7399843,11.92929490846582,86.01645275403502,12.019023240268954,85.68100556536555
typical_sece_24h,1996163N08088,UNNAMED (1996),48h,1996-06-11 12:00:00,8.8,87.6,13.2,82.2,XGBoost,12.893684086408793,85.96952423114035,12.531991025015586,86.05765818938738,12.696112280493386,85.25708681398683,12.565000000000001,86.20166666666667,12.696485644889917,85.14972537226782,12.626929,85.48729569999999,12.215489590987717,85.77649573258738,12.438266952929347,86.21887268700013
typical_sece_24h,1996163N08088,UNNAMED (1996),48h,1996-06-11 15:00:00,9.0,87.5,13.5,81.8,XGBoost,13.146938448395272,85.81426525365166,12.79020796094677,85.9632862369718,12.95141260645411,85.12542441428245,12.622333333333334,86.09100000000001,12.925067307756418,85.0990973470432,12.9191623,85.334986,12.461038333926911,85.58440344410113,12.586073090331904,85.90433084491485
typical_sece_24h,1996163N08088,UNNAMED (1996),48h,1996-06-11 18:00:00,9.3,87.4,13.7,81.5,XGBoost,14.055370348000086,84.7995864620742,13.704876000187006,84.52363119394956,13.761778905370216,84.51204795493737,13.732000000000003,84.259,13.586257559757748,84.34714236754033,13.7651012,84.6132413,13.074941669560847,85.58041423350159,13.36062510581386,85.97634770982943
typical_sece_24h,1996163N08088,UNNAMED (1996),48h,1996-06-11 21:00:00,9.6,87.2,13.7,81.2,XGBoost,14.252464066688827,83.76792538897664,13.85660449609794,83.27223928115784,13.959030618753518,83.7370954633833,13.750333333333334,83.711,13.74293273019622,83.25686970884921,14.0153466,83.7360372,13.384862391295925,84.89578162971671,13.751032056668405,85.57336301062364
typical_sece_24h,1996163N08088,UNNAMED (1996),48h,1996-06-12 00:00:00,9.9,86.9,13.8,81.2,XGBoost,14.27853609620971,83.08853391857649,14.124018636409225,83.33543442651332,14.056409296259151,82.78402127102689,13.734333333333334,83.134,14.039512651387964,82.82185091577435,14.1122087,82.90295470000001,13.366152551546143,83.20866480733355,13.539013299803027,83.28364844368373
typical_sece_24h,1996163N08088,UNNAMED (1996),48h,1996-06-12 03:00:00,10.2,86.6,14.1,81.1,XGBoost,14.722159350520354,82.3930449241034,14.435248463848724,82.42639708507969,14.388973751583613,82.1187052408854,14.224666666666664,82.33566666666667,14.371582664712822,82.1485044120314,14.450307599999999,82.42959839999999,13.72852219131534,83.01153170546716,13.934926298062228,83.1644067791325
typical_sece_24h,1996163N08088,UNNAMED (1996),48h,1996-06-12 06:00:00,10.4,86.2,14.5,81.3,XGBoost,14.832229766842573,83.22853260974705,14.245727574254909,83.29068873041528,14.324068581520976,82.62886786933419,13.888333333333334,83.13033333333334,14.389051662845366,83.04868102248994,14.2912084,82.954239,13.683981755530173,82.53480944824463,14.42893350917312,83.71924077003392
typical_sece_24h,1996163N08088,UNNAMED (1996),48h,1996-06-12 09:00:00,10.6,85.9,14.8,81.4,XGBoost,14.912113328976742,83.1324693041633,14.38728521936213,83.06949826999634,14.496086436778574,82.59098659206082,14.363666666666665,83.3,14.460900507490145,82.82504124831947,14.5489214,82.87308700000001,13.854374639072692,82.62697457746972,14.662045679027376,83.83944885608004
typical_sece_24h,1996163N08088,UNNAMED (1996),48h,1996-06-12 12:00:00,10.9,85.6,15.1,81.6,XGBoost,15.145942234299628,80.97027952011368,14.815901007126817,80.972260442923,14.679989816476635,80.47706023894987,14.910666666666664,80.39133333333332,14.868441427712616,80.73712102942252,14.769268700000001,80.845917,14.239762632681954,81.7337996780223,14.481426753709746,81.75677087993328
typical_sece_24h,1996163N08088,UNNAMED (1996),48h,1996-06-12 15:00:00,11.2,85.2,15.5,81.9,XGBoost,15.645959632231282,80.41455883764574,15.239919995859651,80.26739376149845,15.202978735571506,80.06448622694961,15.239333333333336,80.42766666666667,15.155540556920927,79.80708949804773,15.1774697,80.495356,14.677754217539148,81.33368786506963,15.058216426815656,81.78113018493438
typical_sece_24h,1996163N08088,UNNAMED (1996),48h,1996-06-12 18:00:00,11.5,84.8,15.9,82.3,XGBoost,15.868166263495054,79.80010528764043,15.57822839102786,79.62540718889232,15.383501867345862,79.42206943271395,15.391666666666664,79.737,15.506696685604929,79.21490455775296,15.4569955,79.76554329999999,14.962016145517271,80.79423037374366,15.360470447202706,81.21946826477439
typical_sece_24h,1996163N08088,UNNAMED (1996),48h,1996-06-12 21:00:00,11.8,84.4,16.2,82.6,XGBoost,16.152176331999687,79.30074407095285,15.75404226377734,79.03424424646475,15.662950065544061,78.85268092799832,15.512666666666664,79.75966666666667,15.84450098940456,78.45053454834512,15.7637058,78.90375800000001,15.346891339506122,80.39323978516032,15.809614950400048,80.91463318542958
typical_sece_24h,1996163N08088,UNNAMED (1996),48h,1996-06-13 00:00:00,12.1,83.9,16.5,82.8,XGBoost,16.081706453058185,77.54030873938572,15.862607981453591,77.31688690546116,15.566914381422436,77.59848962732264,15.43933333333333,77.91266666666667,15.978897103876255,76.87045345343412,15.6825665,77.4196304,15.571761749738101,79.04046068757229,15.890755896713776,79.15783716818973
typical_sece_24h,1996163N08088,UNNAMED (1996),48h,1996-06-13 03:00:00,12.5,83.1,16.6,82.8,XGBoost,16.867369192428782,77.28753581512399,16.715727485108104,77.19079762444719,16.319419847093187,77.28325162320522,16.677333333333337,76.97166666666666,16.649619915127722,77.38357360185219,16.4049692,77.243568,15.974399153148225,77.93626993779262,16.71368583776632,78.63049067775002
typical_sece_24h,1996163N08088,UNNAMED (1996),48h,1996-06-13 06:00:00,12.8,83.0,16.8,83.2,XGBoost,17.020244861279746,80.91130172638069,16.77950731812278,80.13961511650275,16.54772091427365,80.58892745284348,16.814999999999998,80.127,16.615019539691517,80.02293647928325,16.661013,80.4686651,16.323355404860724,81.37304068414772,17.410317816775887,83.14096868544868
typical_sece_24h,1996163N08088,UNNAMED (1996),48h,1996-06-13 09:00:00,13.0,82.6,17.0,83.4,XGBoost,16.629638980620992,78.95846749533628,16.260572954315073,79.00204843237812,16.338548430021817,78.90652014929968,16.361666666666668,79.786,16.33589470690658,79.06526457072499,16.3041973,79.09985239999999,16.16861217979875,78.84257723890909,16.512691267918747,79.4422984607266
typical_sece_24h,1996163N08088,UNNAMED (1996),48h,1996-06-13 12:00:00,13.2,82.2,17.1,83.6,XGBoost,16.84289888647995,77.67509195082147,16.47102964458996,77.83606076499008,16.569441016944676,77.72944968283714,16.578,77.38266666666667,16.629021788626947,77.73658616653643,16.569229999999997,77.6074492,16.226763504052496,77.85870400909701,16.614635172102997,78.22083160968505
typical_sece_24h,1996163N08088,UNNAMED (1996),48h,1996-06-13 15:00:00,13.5,81.8,17.2,83.6,XGBoost,17.134435520866845,76.62341826098626,17.13731019520674,76.79774044012744,16.909298293654984,76.76553570171734,16.825333333333333,75.93033333333334,17.24284052775742,76.7436992372682,17.053952,76.71381199999999,16.403431653754573,77.31473197542768,16.618047196695507,77.24122549371724
typical_sece_24h,1996163N08088,UNNAMED (1996),48h,1996-06-13 18:00:00,13.7,81.5,17.3,83.6,XGBoost,16.610470679152904,76.06214024129777,16.84333313666891,75.97018775076077,16.531836762299406,76.25413268493102,16.850666666666665,75.02633333333334,16.60612131793403,76.53491299109221,16.5918362,76.114371,16.193123881584217,77.35999071237674,16.169057711892297,77.22063672641303
typical_sece_24h,1996163N08088,UNNAMED (1996),48h,1996-06-13 21:00:00,13.7,81.2,17.4,83.6,XGBoost,15.999502504038412,75.93028404028689,15.75302751546078,75.85234943845055,15.880794380806588,76.3059299778294,16.151999999999997,75.55933333333334,16.005264813416062,75.86535086692751,15.9024126,76.28614730000001,15.429706615466635,76.88265299091171,15.480825338824573,76.95541274187528
typical_sece_24h,1996163N08088,UNNAMED (1996),48h,1996-06-14 00:00:00,13.8,81.2,17.6,83.6,XGBoost,16.68723280541208,79.38766123220343,16.322605165989483,79.96903947663472,16.438522256387248,79.88626912434896,16.540333333333333,80.322,16.271488091833852,79.73042347061751,16.356427,79.6734299,16.411276250477417,78.86282642538141,16.553086468685827,78.43212048608086
typical_sece_24h,1996163N08088,UNNAMED (1996),48h,1996-06-14 03:00:00,14.1,81.1,17.8,83.6,XGBoost,18.400661821065565,82.66537239995795,17.900238952465287,82.43791091956334,17.882790010469453,81.58168098518439,18.284666666666666,82.84366666666666,18.04472759935632,82.16327806185608,17.9295598,81.5835341,16.89454814883185,80.49884099448941,18.1988197513527,83.13046993871384
typical_sece_24h,1996163N08088,UNNAMED (1996),48h,1996-06-14 06:00:00,14.5,81.3,17.9,83.5,XGBoost,18.75857203981679,82.6062406429389,18.703542851203125,83.23734513121076,18.518963018193976,82.69366936211114,18.622666666666667,83.035,18.653774605144473,83.08967613313989,18.599559,82.5008951,17.693761375740106,81.62317483601562,18.138363627515794,80.87872460077995
typical_sece_24h,1996163N08088,UNNAMED (1996),48h,1996-06-14 09:00:00,14.8,81.4,18.1,83.3,XGBoost,18.859897384715723,83.55007219478698,18.23964365913542,83.92576709164499,18.462555701453407,83.26658341691302,18.964666666666673,83.50900000000001,18.574703979259727,83.72884396688934,18.503858400000002,83.0765513,17.94586803298457,82.1528167594376,18.417448032189725,82.38883317604773
typical_sece_24h,1996163N08088,UNNAMED (1996),48h,1996-06-14 12:00:00,15.1,81.6,18.2,83.1,XGBoost,19.46218399900524,84.43706660880328,18.5309904599686,84.66843063447455,18.86565480275197,83.95381436734584,19.457000000000004,84.67366666666666,18.78632804147312,84.2600740441635,18.8869713,83.7259649,18.729418288517454,82.95576011541712,19.58765312347017,83.56112592584627
typical_sece_24h,1996163N08088,UNNAMED (1996),48h,1996-06-14 15:00:00,15.5,81.9,18.3,82.9,XGBoost,19.925314148435163,84.31442103873923,19.629976297658168,84.56938196364078,19.56838417396889,84.1998762800887,19.729333333333333,84.73966666666668,19.697099200810932,84.42551211248434,19.6271443,83.823828,19.380631259019538,83.01446766454481,20.15698670543872,83.19094849037178
typical_sece_24h,1996163N08088,UNNAMED (1996),48h,1996-06-14 18:00:00,15.9,82.3,18.3,82.7,XGBoost,20.253939414608144,84.75764827797084,19.97237504915968,84.95206525476347,19.92409052118525,84.86129914704743,19.94233333333333,85.26666666666667,20.146432295777522,85.02746622840245,20.026704000000002,84.44465199999999,19.760376384562026,83.54769347416511,20.449619009818104,83.7137127709843
typical_sece_24h,1996163N08088,UNNAMED (1996),48h,1996-06-14 21:00:00,16.2,82.6,18.3,82.5,XGBoost,20.191761219031328,84.6413423666082,19.590767834364886,84.85216155239692,19.972348874753656,84.53884302087731,20.376,85.13866666666667,20.040412827872917,85.02433764336172,20.00786,84.31435189999999,19.542946442619407,83.5862641073863,19.86807203730058,83.65968576647597
typical_sece_24h,1996163N08088,UNNAMED (1996),48h,1996-06-15 00:00:00,16.5,82.8,18.4,82.2,XGBoost,20.18719624564227,84.94828609729645,19.842338969791573,85.11133058224125,20.16360182203688,85.0179637187236,20.569000000000003,85.67333333333333,20.153633720845804,85.38896720535689,20.173486,84.8143363,19.668613121445688,83.82277244021171,20.063486502494648,84.05162373341888
typical_sece_24h,1996163N08088,UNNAMED (1996),48h,1996-06-15 03:00:00,16.6,82.8,18.4,81.9,XGBoost,19.591023533620834,84.23154282432198,19.087408826624117,84.867210522868,19.570925765853747,84.0091098819767,19.310333333333332,84.689,19.55240896217581,85.15031884732771,19.6461714,84.0382891,19.249739068037073,82.81004133572338,19.203739839920374,82.61433614218082
typical_sece_24h,1996163N08088,UNNAMED (1996),48h,1996-06-15 06:00:00,16.8,83.2,18.5,81.6,XGBoost,20.330784732510004,85.45839662816608,19.952637673323128,86.03809645245681,20.329644005577844,85.44017394469665,20.024333333333335,85.57166666666667,20.417751938159576,86.09558015344255,20.2957483,85.3566727,19.766806890578877,84.10286481158802,20.111254287013374,83.7462218351591
typical_sece_24h,1996163N08088,UNNAMED (1996),48h,1996-06-15 09:00:00,17.0,83.4,18.6,81.4,XGBoost,20.48327279305248,85.61895264683258,20.14746421592543,86.19379231141612,20.676014833192568,85.30139567057293,20.44066666666667,85.93866666666668,20.636859747794887,86.03770481967838,20.6066585,85.3256412,19.745028781729943,84.12377974422381,19.620622735769032,84.0722308367466
typical_sece_24h,1996163N08088,UNNAMED (1996),48h,1996-06-15 12:00:00,17.1,83.6,18.8,81.2,XGBoost,19.952117063736303,85.88609169136194,19.573237706365564,86.31498264831457,20.032486539273652,85.57941495878201,19.83166666666667,85.95666666666666,19.914194484919744,86.17112071525054,19.947090000000003,85.46079979999999,19.573151130359346,84.45214602111108,19.654521919773984,84.52773947757747
typical_sece_24h,1996163N08088,UNNAMED (1996),48h,1996-06-15 15:00:00,17.2,83.6,19.0,81.1,XGBoost,19.967441277116578,83.90186068966224,19.859780114337156,84.28093098019012,20.173623684719875,83.69748537046415,19.870666666666665,84.01833333333333,20.171794419530308,83.89315739703663,20.0682637,83.46199247999999,19.612659142223837,83.45972880346653,19.339009079208434,83.1197971327187
typical_sece_24h,1996163N08088,UNNAMED (1996),48h,1996-06-15 18:00:00,17.3,83.6,19.3,81.0,XGBoost,20.09079345068853,84.07522664687497,19.887212112130438,84.36622850969206,20.1721508129223,83.79689637261467,20.165,84.16499999999999,20.082184806378034,84.19671052700971,20.0983623,83.5993708951,19.686573008933927,83.61278849513425,19.742489846962524,83.45485059221141
typical_sece_24h,1996163N08088,UNNAMED (1996),48h,1996-06-15 21:00:00,17.4,83.6,19.5,80.9,XGBoost,20.153171424678476,84.50304560482164,19.900529885467616,84.57899426404634,20.178467896607543,84.50092839421453,19.961333333333332,84.82833333333333,20.295473882909345,84.07922907876369,20.1029047,84.4959959,19.74608009867597,84.02266916904827,20.035662212145887,84.23296138865649
typical_sece_24h,1996163N08088,UNNAMED (1996),48h,1996-06-16 00:00:00,17.6,83.6,19.8,80.9,XGBoost,20.832164861231313,82.88044186215475,20.681576102052198,83.36379850369256,20.706859801696233,82.82853954418285,21.048333333333336,84.19433333333333,20.663869130615883,83.22023055574131,20.602743500000003,83.04972812999999,20.335946437213746,82.0918052145353,20.381836789477386,81.7283881438265
typical_sece_24h,1996163N08088,UNNAMED (1996),48h,1996-06-16 03:00:00,17.8,83.6,20.1,80.8,XGBoost,20.913884615880562,82.78441764091774,20.863182201218756,83.13924527218089,20.90358864724099,82.61071936804969,20.95966666666667,83.89599999999999,20.8443018565155,82.94473649882588,20.7981105,82.68275557,20.604359943972533,82.3093172480563,20.558252825829722,81.99526137172072
typical_sece_24h,1996163N08088,UNNAMED (1996),48h,1996-06-16 06:00:00,17.9,83.5,20.4,80.8,XGBoost,20.75516446215288,80.8544659442022,20.53655391171508,80.87441122916991,20.590363923493804,81.07025371929548,21.102999999999998,80.11466666666666,20.509811826636962,80.9428265695529,20.5565523,80.8830798,20.407940871965614,81.2268631512244,20.279996566583463,81.39183208859191
typical_sece_24h,1996163N08088,UNNAMED (1996),48h,1996-06-16 09:00:00,18.1,83.3,20.8,80.7,XGBoost,21.018238135605703,80.30102274731452,21.27186054119061,80.34722854476551,21.224985043637393,80.34187792528857,21.603,79.33133333333333,21.243602852143123,80.25051970499224,21.1205348,80.37195,20.632296371444113,80.8236823870045,20.66363595772602,80.95104831968561
