n_ibtracs_points,frac_missing_wmo_wind,frac_missing_usa_wind,frac_missing_newdelhi_wind,frac_track_not_main,frac_nature_nr,n_ready_points,frac_newdelhi_wind_missing_ready,frac_irregular_dt,frac_latnext_mismatch,genesis_year,SID
65,1.0,1.0,1.0,0.0,1.0,61.0,1.0,0.0,0.0,1842.0,1842298N11080
58,1.0,1.0,1.0,0.0,0.0,54.0,1.0,0.0,0.0,1877.0,1877135N10083
34,1.0,1.0,1.0,0.0,0.0,30.0,1.0,0.0,0.0,1877.0,1877192N21090
18,1.0,1.0,1.0,0.0,0.0,14.0,1.0,0.0,0.0,1877.0,1877218N21090
10,1.0,1.0,1.0,0.0,0.0,6.0,1.0,0.0,0.0,1877.0,1877220N22092
18,1.0,1.0,1.0,0.0,0.0,14.0,1.0,0.0,0.0,1877.0,1877226N21089
18,1.0,1.0,1.0,0.0,0.0,14.0,1.0,0.0,0.0,1877.0,1877230N20091
18,1.0,1.0,1.0,0.0,0.0,14.0,1.0,0.0,0.0,1877.0,1877241N20088
42,1.0,1.0,1.0,0.0,0.0,38.0,1.0,0.0,0.0,1877.0,1877249N20088
18,1.0,1.0,1.0,0.0,0.0,14.0,1.0,0.0,0.0,1877.0,1877307N18091
74,1.0,1.0,1.0,0.0,0.0,70.0,1.0,0.0,0.0,1878.0,1878202N18087
10,1.0,1.0,1.0,0.0,0.0,6.0,1.0,0.0,0.0,1878.0,1878215N20086
18,1.0,1.0,1.0,0.0,0.0,14.0,1.0,0.0,0.0,1878.0,1878218N20089
58,1.0,1.0,1.0,0.0,0.0,54.0,1.0,0.0,0.0,1878.0,1878256N19090
42,1.0,1.0,1.0,0.0,0.0,38.0,1.0,0.0,0.0,1878.0,1878261N18090
10,1.0,1.0,1.0,0.0,0.0,6.0,1.0,0.0,0.0,1878.0,1878287N16084
18,1.0,1.0,1.0,0.0,0.0,14.0,1.0,0.0,0.0,1878.0,1878301N15084
18,1.0,1.0,1.0,0.0,0.0,14.0,1.0,0.0,0.0,1878.0,1878308N16084
26,1.0,1.0,1.0,0.0,0.0,22.0,1.0,0.0,0.0,1878.0,1878339N17087
10,1.0,1.0,1.0,0.0,0.0,6.0,1.0,0.0,0.0,1879.0,1879140N13081
26,1.0,1.0,1.0,0.0,0.0,22.0,1.0,0.0,0.0,1879.0,1879149N21087
42,1.0,1.0,1.0,0.0,0.0,38.0,1.0,0.0,0.0,1879.0,1879220N21088
34,1.0,1.0,1.0,0.0,0.0,30.0,1.0,0.0,0.0,1879.0,1879256N21090
50,1.0,1.0,1.0,0.0,0.0,46.0,1.0,0.0,0.0,1879.0,1879265N20089
34,1.0,1.0,1.0,0.0,0.0,30.0,1.0,0.0,0.0,1879.0,1879284N19092
10,1.0,1.0,1.0,0.0,0.0,6.0,1.0,0.0,0.0,1879.0,1879299N20092
34,1.0,1.0,1.0,0.0,0.0,30.0,1.0,0.0,0.0,1879.0,1879305N15097
10,1.0,1.0,1.0,0.0,0.0,6.0,1.0,0.0,0.0,1879.0,1879322N13081
26,1.0,1.0,1.0,0.0,0.0,22.0,1.0,0.0,0.0,1880.0,1880153N20089
42,1.0,1.0,1.0,0.0,0.0,38.0,1.0,0.0,0.0,1880.0,1880177N19088
26,1.0,1.0,1.0,0.0,0.0,22.0,1.0,0.0,0.0,1880.0,1880196N20089
66,1.0,1.0,1.0,0.0,0.0,62.0,1.0,0.0,0.0,1880.0,1880214N20088
42,1.0,1.0,1.0,0.0,0.0,38.0,1.0,0.0,0.0,1880.0,1880233N21089
42,1.0,1.0,1.0,0.0,0.0,38.0,1.0,0.0,0.0,1880.0,1880257N19089
10,1.0,1.0,1.0,0.0,0.0,6.0,1.0,0.0,0.0,1880.0,1880265N20088
18,1.0,1.0,1.0,0.0,0.0,14.0,1.0,0.0,0.0,1880.0,1880267N21088
18,1.0,1.0,1.0,0.0,0.0,14.0,1.0,0.0,0.0,1880.0,1880287N17085
10,1.0,1.0,1.0,0.0,0.0,6.0,1.0,0.0,0.0,1880.0,1880325N10082
18,1.0,1.0,1.0,0.0,0.0,14.0,1.0,0.0,0.0,1881.0,1881146N20090
18,1.0,1.0,1.0,0.0,0.0,14.0,1.0,0.0,0.0,1881.0,1881154N20089
26,1.0,1.0,1.0,0.0,0.0,22.0,1.0,0.0,0.0,1881.0,1881157N21088
34,1.0,1.0,1.0,0.0,0.0,30.0,1.0,0.0,0.0,1881.0,1881165N21089
18,1.0,1.0,1.0,0.0,0.0,14.0,1.0,0.0,0.0,1881.0,1881183N21088
42,1.0,1.0,1.0,0.0,0.0,38.0,1.0,0.0,0.0,1881.0,1881194N21090
18,1.0,1.0,1.0,0.0,0.0,14.0,1.0,0.0,0.0,1881.0,1881214N20087
10,1.0,1.0,1.0,0.0,0.0,6.0,1.0,0.0,0.0,1881.0,1881230N21089
26,1.0,1.0,1.0,0.0,0.0,22.0,1.0,0.0,0.0,1881.0,1881254N20089
42,1.0,1.0,1.0,0.0,0.0,38.0,1.0,0.0,0.0,1881.0,1881277N17085
18,1.0,1.0,1.0,0.0,0.0,14.0,1.0,0.0,0.0,1881.0,1881315N11082
34,1.0,1.0,1.0,0.0,0.0,30.0,1.0,0.0,0.0,1882.0,1882192N21089
42,1.0,1.0,1.0,0.0,0.0,38.0,1.0,0.0,0.0,1882.0,1882199N21089
26,1.0,1.0,1.0,0.0,0.0,22.0,1.0,0.0,0.0,1882.0,1882204N20089
34,1.0,1.0,1.0,0.0,0.0,30.0,1.0,0.0,0.0,1882.0,1882231N21089
74,1.0,1.0,1.0,0.0,0.0,70.0,1.0,0.0,0.0,1882.0,1882249N20090
26,1.0,1.0,1.0,0.0,0.0,22.0,1.0,0.0,0.0,1882.0,1882257N18087
58,1.0,1.0,1.0,0.0,0.0,54.0,1.0,0.0,0.0,1882.0,1882269N16092
42,1.0,1.0,1.0,0.0,0.0,38.0,1.0,0.0,0.0,1882.0,1882285N13085
42,1.0,1.0,1.0,0.0,0.0,38.0,1.0,0.0,0.0,1882.0,1882300N11089
42,1.0,1.0,1.0,0.0,0.0,38.0,1.0,0.0,0.0,1882.0,1882325N09089
18,1.0,1.0,1.0,0.0,0.0,14.0,1.0,0.0,0.0,1882.0,1882332N10087
34,1.0,1.0,1.0,0.0,0.0,30.0,1.0,0.0,0.0,1883.0,1883165N21087
66,1.0,1.0,1.0,0.0,0.0,62.0,1.0,0.0,0.0,1883.0,1883177N20089
18,1.0,1.0,1.0,0.0,0.0,14.0,1.0,0.0,0.0,1883.0,1883184N20090
26,1.0,1.0,1.0,0.0,0.0,22.0,1.0,0.0,0.0,1883.0,1883187N20089
18,1.0,1.0,1.0,0.0,0.0,14.0,1.0,0.0,0.0,1883.0,1883193N19089
18,1.0,1.0,1.0,0.0,0.0,14.0,1.0,0.0,0.0,1883.0,1883207N21090
26,1.0,1.0,1.0,0.0,0.0,22.0,1.0,0.0,0.0,1883.0,1883234N18088
34,1.0,1.0,1.0,0.0,0.0,30.0,1.0,0.0,0.0,1883.0,1883314N11095
18,1.0,1.0,1.0,0.0,0.0,14.0,1.0,0.0,0.0,1883.0,1883338N17086
26,1.0,1.0,1.0,0.0,0.0,22.0,1.0,0.0,0.0,1884.0,1884135N11090
34,1.0,1.0,1.0,0.0,0.0,30.0,1.0,0.0,0.0,1884.0,1884171N20088
34,1.0,1.0,1.0,0.0,0.0,30.0,1.0,0.0,0.0,1884.0,1884182N21089
42,1.0,1.0,1.0,0.0,0.0,38.0,1.0,0.0,0.0,1884.0,1884191N21089
26,1.0,1.0,1.0,0.0,0.0,22.0,1.0,0.0,0.0,1884.0,1884197N20088
74,1.0,1.0,1.0,0.0,0.0,70.0,1.0,0.0,0.0,1884.0,1884200N21089
58,1.0,1.0,1.0,0.0,0.0,54.0,1.0,0.0,0.0,1884.0,1884215N21088
34,1.0,1.0,1.0,0.0,0.0,30.0,1.0,0.0,0.0,1884.0,1884251N20089
114,1.0,1.0,1.0,0.0,0.0,110.0,1.0,0.0,0.0,1884.0,1884261N17088
13,1.0,1.0,1.0,0.0,0.0,9.0,1.0,0.0,0.0,1884.0,1884290N10082
18,1.0,1.0,1.0,0.0,0.0,14.0,1.0,0.0,0.0,1884.0,1884298N16085
10,1.0,1.0,1.0,0.0,0.0,6.0,1.0,0.0,0.0,1884.0,1884305N19090
5,1.0,1.0,1.0,0.0,0.0,1.0,1.0,0.0,0.0,1884.0,1884310N11082
34,1.0,1.0,1.0,0.0,0.0,30.0,1.0,0.0,0.0,1884.0,1884349N08083
26,1.0,1.0,1.0,0.0,0.0,22.0,1.0,0.0,0.0,1885.0,1885167N21090
26,1.0,1.0,1.0,0.0,0.0,22.0,1.0,0.0,0.0,1885.0,1885177N21087
18,1.0,1.0,1.0,0.0,0.0,14.0,1.0,0.0,0.0,1885.0,1885195N20088
10,1.0,1.0,1.0,0.0,0.0,6.0,1.0,0.0,0.0,1885.0,1885204N21089
18,1.0,1.0,1.0,0.0,0.0,14.0,1.0,0.0,0.0,1885.0,1885228N21088
10,1.0,1.0,1.0,0.0,0.0,6.0,1.0,0.0,0.0,1885.0,1885258N21088
42,1.0,1.0,1.0,0.0,0.0,38.0,1.0,0.0,0.0,1885.0,1885262N15093
10,1.0,1.0,1.0,0.0,0.0,6.0,1.0,0.0,0.0,1885.0,1885306N13082
42,1.0,1.0,1.0,0.0,0.0,38.0,1.0,0.0,0.0,1885.0,1885322N12082
10,1.0,1.0,1.0,0.0,0.0,6.0,1.0,0.0,0.0,1886.0,1886143N11082
58,1.0,1.0,1.0,0.0,0.0,54.0,1.0,0.0,0.0,1886.0,1886166N20089
58,1.0,1.0,1.0,0.0,0.0,54.0,1.0,0.0,0.0,1886.0,1886198N20088
74,1.0,1.0,1.0,0.0,0.0,70.0,1.0,0.0,0.0,1886.0,1886224N16082
42,1.0,1.0,1.0,0.0,0.0,38.0,1.0,0.0,0.0,1886.0,1886261N20088
42,1.0,1.0,1.0,0.0,0.0,38.0,1.0,0.0,0.0,1886.0,1886270N15089
18,1.0,1.0,1.0,0.0,0.0,14.0,1.0,0.0,0.0,1886.0,1886290N16087
106,1.0,1.0,1.0,0.0,0.0,102.0,1.0,0.0,0.0,1886.0,1886306N10092
66,1.0,1.0,1.0,0.0,0.0,62.0,1.0,0.0,0.0,1886.0,1886319N11094
10,1.0,1.0,1.0,0.0,0.0,6.0,1.0,0.0,0.0,1886.0,1886342N11085
58,1.0,1.0,1.0,0.0,0.0,54.0,1.0,0.0,0.0,1887.0,1887141N16092
34,1.0,1.0,1.0,0.0,0.0,30.0,1.0,0.0,0.0,1887.0,1887162N18088
18,1.0,1.0,1.0,0.0,0.0,14.0,1.0,0.0,0.0,1887.0,1887170N21088
26,1.0,1.0,1.0,0.0,0.0,22.0,1.0,0.0,0.0,1887.0,1887188N25082
26,1.0,1.0,1.0,0.0,0.0,22.0,1.0,0.0,0.0,1887.0,1887191N23088
26,1.0,1.0,1.0,0.0,0.0,22.0,1.0,0.0,0.0,1887.0,1887193N23091
86,1.0,1.0,1.0,0.0,0.0,82.0,1.0,0.0,0.0,1887.0,1887198N21088
26,1.0,1.0,1.0,0.0,0.0,22.0,1.0,0.0,0.0,1887.0,1887229N18087
42,1.0,1.0,1.0,0.0,0.0,38.0,1.0,0.0,0.0,1887.0,1887233N21088
42,1.0,1.0,1.0,0.0,0.0,38.0,1.0,0.0,0.0,1887.0,1887252N21089
42,1.0,1.0,1.0,0.0,0.0,38.0,1.0,0.0,0.0,1887.0,1887264N20088
58,1.0,1.0,1.0,0.0,0.0,54.0,1.0,0.0,0.0,1887.0,1887280N11085
10,1.0,1.0,1.0,0.0,0.0,6.0,1.0,0.0,0.0,1888.0,1888132N10081
26,1.0,1.0,1.0,0.0,0.0,22.0,1.0,0.0,0.0,1888.0,1888184N24088
18,1.0,1.0,1.0,0.0,0.0,14.0,1.0,0.0,0.0,1888.0,1888194N19087
34,1.0,1.0,1.0,0.0,0.0,30.0,1.0,0.0,0.0,1888.0,1888201N21089
42,1.0,1.0,1.0,0.0,0.0,38.0,1.0,0.0,0.0,1888.0,1888208N25083
50,1.0,1.0,1.0,0.0,0.0,46.0,1.0,0.0,0.0,1888.0,1888217N21088
50,1.0,1.0,1.0,0.0,0.0,46.0,1.0,0.0,0.0,1888.0,1888228N23088
66,1.0,1.0,1.0,0.0,0.0,62.0,1.0,0.0,0.0,1888.0,1888234N21089
34,1.0,1.0,1.0,0.0,0.0,30.0,1.0,0.0,0.0,1888.0,1888250N20087
58,1.0,1.0,1.0,0.0,0.0,54.0,1.0,0.0,0.0,1888.0,1888257N15099
50,1.0,1.0,1.0,0.0,0.0,46.0,1.0,0.0,0.0,1888.0,1888275N15094
42,1.0,1.0,1.0,0.0,0.0,38.0,1.0,0.0,0.0,1888.0,1888301N11091
26,1.0,1.0,1.0,0.0,0.0,22.0,1.0,0.0,0.0,1888.0,1888347N10087
42,1.0,1.0,1.0,0.0,0.0,38.0,1.0,0.0,0.0,1889.0,1889159N15087
26,1.0,1.0,1.0,0.0,0.0,22.0,1.0,0.0,0.0,1889.0,1889200N21089
18,1.0,1.0,1.0,0.0,0.0,14.0,1.0,0.0,0.0,1889.0,1889208N21089
26,1.0,1.0,1.0,0.0,0.0,22.0,1.0,0.0,0.0,1889.0,1889217N21089
42,1.0,1.0,1.0,0.0,0.0,38.0,1.0,0.0,0.0,1889.0,1889228N21089
42,1.0,1.0,1.0,0.0,0.0,38.0,1.0,0.0,0.0,1889.0,1889260N17088
50,1.0,1.0,1.0,0.0,0.0,46.0,1.0,0.0,0.0,1889.0,1889288N14083
18,1.0,1.0,1.0,0.0,0.0,14.0,1.0,0.0,0.0,1889.0,1889298N21088
18,1.0,1.0,1.0,0.0,0.0,14.0,1.0,0.0,0.0,1889.0,1889322N13084
10,1.0,1.0,1.0,0.0,0.0,6.0,1.0,0.0,0.0,1889.0,1889351N10081
26,1.0,1.0,1.0,0.0,0.0,22.0,1.0,0.0,0.0,1889.0,1889357N14087
26,1.0,1.0,1.0,0.0,0.0,22.0,1.0,0.0,0.0,1890.0,1890125N12094
26,1.0,1.0,1.0,0.0,0.0,22.0,1.0,0.0,0.0,1890.0,1890169N19086
18,1.0,1.0,1.0,0.0,0.0,14.0,1.0,0.0,0.0,1890.0,1890173N23089
34,1.0,1.0,1.0,0.0,0.0,30.0,1.0,0.0,0.0,1890.0,1890182N20088
18,1.0,1.0,1.0,0.0,0.0,14.0,1.0,0.0,0.0,1890.0,1890192N25084
26,1.0,1.0,1.0,0.0,0.0,22.0,1.0,0.0,0.0,1890.0,1890224N24087
34,1.0,1.0,1.0,0.0,0.0,30.0,1.0,0.0,0.0,1890.0,1890266N18085
34,1.0,1.0,1.0,0.0,0.0,30.0,1.0,0.0,0.0,1890.0,1890283N14085
26,1.0,1.0,1.0,0.0,0.0,22.0,1.0,0.0,0.0,1890.0,1890294N17090
42,1.0,1.0,1.0,0.0,0.0,38.0,1.0,0.0,0.0,1891.0,1891140N10082
50,1.0,1.0,1.0,0.0,0.0,46.0,1.0,0.0,0.0,1891.0,1891205N22088
26,1.0,1.0,1.0,0.0,0.0,22.0,1.0,0.0,0.0,1891.0,1891213N20091
34,1.0,1.0,1.0,0.0,0.0,30.0,1.0,0.0,0.0,1891.0,1891224N23089
18,1.0,1.0,1.0,0.0,0.0,14.0,1.0,0.0,0.0,1891.0,1891245N20089
42,1.0,1.0,1.0,0.0,0.0,38.0,1.0,0.0,0.0,1891.0,1891248N21089
34,1.0,1.0,1.0,0.0,0.0,30.0,1.0,0.0,0.0,1891.0,1891254N20088
18,1.0,1.0,1.0,0.0,0.0,14.0,1.0,0.0,0.0,1891.0,1891260N19087
98,1.0,1.0,1.0,0.0,0.0,94.0,1.0,0.0,0.0,1891.0,1891263N16097
26,1.0,1.0,1.0,0.0,0.0,22.0,1.0,0.0,0.0,1891.0,1891293N10084
50,1.0,1.0,1.0,0.0,0.0,46.0,1.0,0.0,0.0,1891.0,1891305N10097
26,1.0,1.0,1.0,0.0,0.0,22.0,1.0,0.0,0.0,1891.0,1891324N12088
42,1.0,1.0,1.0,0.0,0.0,38.0,1.0,0.0,0.0,1892.0,1892160N19089
34,1.0,1.0,1.0,0.0,0.0,30.0,1.0,0.0,0.0,1892.0,1892191N20089
18,1.0,1.0,1.0,0.0,0.0,14.0,1.0,0.0,0.0,1892.0,1892200N24086
34,1.0,1.0,1.0,0.0,0.0,30.0,1.0,0.0,0.0,1892.0,1892204N23087
66,1.0,1.0,1.0,0.0,0.0,62.0,1.0,0.0,0.0,1892.0,1892242N18087
42,1.0,1.0,1.0,0.0,0.0,38.0,1.0,0.0,0.0,1892.0,1892251N18091
26,1.0,1.0,1.0,0.0,0.0,22.0,1.0,0.0,0.0,1892.0,1892263N15086
26,1.0,1.0,1.0,0.0,0.0,22.0,1.0,0.0,0.0,1892.0,1892288N10092
26,1.0,1.0,1.0,0.0,0.0,22.0,1.0,0.0,0.0,1892.0,1892292N14094
42,1.0,1.0,1.0,0.0,0.0,38.0,1.0,0.0,0.0,1892.0,1892300N11086
18,1.0,1.0,1.0,0.0,0.0,14.0,1.0,0.0,0.0,1893.0,1893115N12092
42,1.0,1.0,1.0,0.0,0.0,38.0,1.0,0.0,0.0,1893.0,1893143N20087
66,1.0,1.0,1.0,0.0,0.0,62.0,1.0,0.0,0.0,1893.0,1893163N13092
42,1.0,1.0,1.0,0.0,0.0,38.0,1.0,0.0,0.0,1893.0,1893176N23091
34,1.0,1.0,1.0,0.0,0.0,30.0,1.0,0.0,0.0,1893.0,1893212N20088
34,1.0,1.0,1.0,0.0,0.0,30.0,1.0,0.0,0.0,1893.0,1893244N21088
82,1.0,1.0,1.0,0.0,0.0,78.0,1.0,0.0,0.0,1893.0,1893252N18090
42,1.0,1.0,1.0,0.0,0.0,38.0,1.0,0.0,0.0,1893.0,1893264N18089
18,1.0,1.0,1.0,0.0,0.0,14.0,1.0,0.0,0.0,1893.0,1893293N16091
26,1.0,1.0,1.0,0.0,0.0,22.0,1.0,0.0,0.0,1893.0,1893298N11096
18,1.0,1.0,1.0,0.0,0.0,14.0,1.0,0.0,0.0,1893.0,1893308N10084
18,1.0,1.0,1.0,0.0,0.0,14.0,1.0,0.0,0.0,1894.0,1894117N13093
42,1.0,1.0,1.0,0.0,0.0,38.0,1.0,0.0,0.0,1894.0,1894164N23091
26,1.0,1.0,1.0,0.0,0.0,22.0,1.0,0.0,0.0,1894.0,1894172N20087
66,1.0,1.0,1.0,0.0,0.0,62.0,1.0,0.0,0.0,1894.0,1894184N25089
26,1.0,1.0,1.0,0.0,0.0,22.0,1.0,0.0,0.0,1894.0,1894192N20087
58,1.0,1.0,1.0,0.0,0.0,54.0,1.0,0.0,0.0,1894.0,1894197N20089
26,1.0,1.0,1.0,0.0,0.0,22.0,1.0,0.0,0.0,1894.0,1894205N22088
42,1.0,1.0,1.0,0.0,0.0,38.0,1.0,0.0,0.0,1894.0,1894225N23088
34,1.0,1.0,1.0,0.0,0.0,30.0,1.0,0.0,0.0,1894.0,1894270N20087
26,1.0,1.0,1.0,0.0,0.0,22.0,1.0,0.0,0.0,1894.0,1894275N21088
26,1.0,1.0,1.0,0.0,0.0,22.0,1.0,0.0,0.0,1894.0,1894303N13090
34,1.0,1.0,1.0,0.0,0.0,30.0,1.0,0.0,0.0,1895.0,1895112N11086
18,1.0,1.0,1.0,0.0,0.0,14.0,1.0,0.0,0.0,1895.0,1895170N21088
29,1.0,1.0,1.0,0.0,0.0,25.0,1.0,0.0,0.0,1895.0,1895179N21088
26,1.0,1.0,1.0,0.0,0.0,22.0,1.0,0.0,0.0,1895.0,1895199N20088
26,1.0,1.0,1.0,0.0,0.0,22.0,1.0,0.0,0.0,1895.0,1895211N21088
26,1.0,1.0,1.0,0.0,0.0,22.0,1.0,0.0,0.0,1895.0,1895218N20088
26,1.0,1.0,1.0,0.0,0.0,22.0,1.0,0.0,0.0,1895.0,1895247N17087
34,1.0,1.0,1.0,0.0,0.0,30.0,1.0,0.0,0.0,1895.0,1895259N18090
18,1.0,1.0,1.0,0.0,0.0,14.0,1.0,0.0,0.0,1895.0,1895273N18087
18,1.0,1.0,1.0,0.0,0.0,14.0,1.0,0.0,0.0,1895.0,1895344N12089
42,1.0,1.0,1.0,0.0,0.0,38.0,1.0,0.0,0.0,1896.0,1896170N21089
42,1.0,1.0,1.0,0.0,0.0,38.0,1.0,0.0,0.0,1896.0,1896178N21090
26,1.0,1.0,1.0,0.0,0.0,22.0,1.0,0.0,0.0,1896.0,1896204N21089
34,1.0,1.0,1.0,0.0,0.0,30.0,1.0,0.0,0.0,1896.0,1896208N21090
18,1.0,1.0,1.0,0.0,0.0,14.0,1.0,0.0,0.0,1896.0,1896214N21089
26,1.0,1.0,1.0,0.0,0.0,22.0,1.0,0.0,0.0,1896.0,1896226N21088
18,1.0,1.0,1.0,0.0,0.0,14.0,1.0,0.0,0.0,1896.0,1896233N22089
50,1.0,1.0,1.0,0.0,0.0,46.0,1.0,0.0,0.0,1896.0,1896257N20090
58,1.0,1.0,1.0,0.0,0.0,54.0,1.0,0.0,0.0,1896.0,1896319N06079
10,1.0,1.0,1.0,0.0,0.0,6.0,1.0,0.0,0.0,1897.0,1897133N15096
42,1.0,1.0,1.0,0.0,0.0,38.0,1.0,0.0,0.0,1897.0,1897166N20089
10,1.0,1.0,1.0,0.0,0.0,6.0,1.0,0.0,0.0,1897.0,1897190N21088
34,1.0,1.0,1.0,0.0,0.0,30.0,1.0,0.0,0.0,1897.0,1897195N25088
50,1.0,1.0,1.0,0.0,0.0,46.0,1.0,0.0,0.0,1897.0,1897225N21088
18,1.0,1.0,1.0,0.0,0.0,14.0,1.0,0.0,0.0,1897.0,1897252N19085
26,1.0,1.0,1.0,0.0,0.0,22.0,1.0,0.0,0.0,1897.0,1897266N17090
26,1.0,1.0,1.0,0.0,0.0,22.0,1.0,0.0,0.0,1897.0,1897275N18084
26,1.0,1.0,1.0,0.0,0.0,22.0,1.0,0.0,0.0,1897.0,1897294N14096
26,1.0,1.0,1.0,0.0,0.0,22.0,1.0,0.0,0.0,1897.0,1897360N13085
18,1.0,1.0,1.0,0.0,0.0,14.0,1.0,0.0,0.0,1898.0,1898125N13095
58,1.0,1.0,1.0,0.0,0.0,54.0,1.0,0.0,0.0,1898.0,1898164N18086
34,1.0,1.0,1.0,0.0,0.0,30.0,1.0,0.0,0.0,1898.0,1898183N21089
34,1.0,1.0,1.0,0.0,0.0,30.0,1.0,0.0,0.0,1898.0,1898197N25085
26,1.0,1.0,1.0,0.0,0.0,22.0,1.0,0.0,0.0,1898.0,1898221N21089
26,1.0,1.0,1.0,0.0,0.0,22.0,1.0,0.0,0.0,1898.0,1898225N24090
18,1.0,1.0,1.0,0.0,0.0,14.0,1.0,0.0,0.0,1898.0,1898233N22091
26,1.0,1.0,1.0,0.0,0.0,22.0,1.0,0.0,0.0,1898.0,1898240N24090
42,1.0,1.0,1.0,0.0,0.0,38.0,1.0,0.0,0.0,1898.0,1898254N18087
26,1.0,1.0,1.0,0.0,0.0,22.0,1.0,0.0,0.0,1898.0,1898263N21089
50,1.0,1.0,1.0,0.0,0.0,46.0,1.0,0.0,0.0,1898.0,1898282N13085
50,1.0,1.0,1.0,0.0,0.0,46.0,1.0,0.0,0.0,1898.0,1898309N11085
34,1.0,1.0,1.0,0.0,0.0,30.0,1.0,0.0,0.0,1899.0,1899118N13094
26,1.0,1.0,1.0,0.0,0.0,22.0,1.0,0.0,0.0,1899.0,1899194N23089
34,1.0,1.0,1.0,0.0,0.0,30.0,1.0,0.0,0.0,1899.0,1899220N16094
26,1.0,1.0,1.0,0.0,0.0,22.0,1.0,0.0,0.0,1899.0,1899239N20087
58,1.0,1.0,1.0,0.0,0.0,54.0,1.0,0.0,0.0,1899.0,1899252N18092
26,1.0,1.0,1.0,0.0,0.0,22.0,1.0,0.0,0.0,1899.0,1899264N17089
34,1.0,1.0,1.0,0.0,0.0,30.0,1.0,0.0,0.0,1899.0,1899285N11082
34,1.0,1.0,1.0,0.0,0.0,30.0,1.0,0.0,0.0,1900.0,1900162N19088
18,1.0,1.0,1.0,0.0,0.0,14.0,1.0,0.0,0.0,1900.0,1900173N21088
18,1.0,1.0,1.0,0.0,0.0,14.0,1.0,0.0,0.0,1900.0,1900194N21088
34,1.0,1.0,1.0,0.0,0.0,30.0,1.0,0.0,0.0,1900.0,1900210N19088
42,1.0,1.0,1.0,0.0,0.0,38.0,1.0,0.0,0.0,1900.0,1900221N20088
50,1.0,1.0,1.0,0.0,0.0,46.0,1.0,0.0,0.0,1900.0,1900227N20091
42,1.0,1.0,1.0,0.0,0.0,38.0,1.0,0.0,0.0,1900.0,1900237N21090
98,1.0,1.0,1.0,0.0,0.0,94.0,1.0,0.0,0.0,1900.0,1900258N21088
50,1.0,1.0,1.0,0.0,0.0,46.0,1.0,0.0,0.0,1900.0,1900277N15087
10,1.0,1.0,1.0,0.0,0.0,6.0,1.0,0.0,0.0,1900.0,1900296N11085
26,1.0,1.0,1.0,0.0,0.0,22.0,1.0,0.0,0.0,1901.0,1901264N17085
26,1.0,1.0,1.0,0.0,0.0,22.0,1.0,0.0,0.0,1901.0,1901278N17087
34,1.0,1.0,1.0,0.0,0.0,30.0,1.0,0.0,0.0,1901.0,1901286N17087
34,1.0,1.0,1.0,0.0,0.0,30.0,1.0,0.0,0.0,1901.0,1901318N16084
26,1.0,1.0,1.0,0.0,0.0,22.0,1.0,0.0,0.0,1901.0,1901328N12088
10,1.0,1.0,1.0,0.0,0.0,6.0,1.0,0.0,0.0,1902.0,1902125N14095
34,1.0,1.0,1.0,0.0,0.0,30.0,1.0,0.0,0.0,1902.0,1902196N21089
50,1.0,1.0,1.0,0.0,0.0,46.0,1.0,0.0,0.0,1902.0,1902208N22088
34,1.0,1.0,1.0,0.0,0.0,30.0,1.0,0.0,0.0,1902.0,1902231N18086
34,1.0,1.0,1.0,0.0,0.0,30.0,1.0,0.0,0.0,1902.0,1902236N20088
18,1.0,1.0,1.0,0.0,0.0,14.0,1.0,0.0,0.0,1902.0,1902244N21088
26,1.0,1.0,1.0,0.0,0.0,22.0,1.0,0.0,0.0,1902.0,1902266N18090
18,1.0,1.0,1.0,0.0,0.0,14.0,1.0,0.0,0.0,1902.0,1902300N09085
10,1.0,1.0,1.0,0.0,0.0,6.0,1.0,0.0,0.0,1903.0,1903176N22088
18,1.0,1.0,1.0,0.0,0.0,14.0,1.0,0.0,0.0,1903.0,1903193N18087
10,1.0,1.0,1.0,0.0,0.0,6.0,1.0,0.0,0.0,1903.0,1903204N21087
18,1.0,1.0,1.0,0.0,0.0,14.0,1.0,0.0,0.0,1903.0,1903213N20087
10,1.0,1.0,1.0,0.0,0.0,6.0,1.0,0.0,0.0,1903.0,1903241N17085
34,1.0,1.0,1.0,0.0,0.0,30.0,1.0,0.0,0.0,1903.0,1903254N23089
50,1.0,1.0,1.0,0.0,0.0,46.0,1.0,0.0,0.0,1903.0,1903278N19086
26,1.0,1.0,1.0,0.0,0.0,22.0,1.0,0.0,0.0,1903.0,1903301N13084
18,1.0,1.0,1.0,0.0,0.0,14.0,1.0,0.0,0.0,1903.0,1903308N11087
18,1.0,1.0,1.0,0.0,0.0,14.0,1.0,0.0,0.0,1903.0,1903317N14087
18,1.0,1.0,1.0,0.0,0.0,14.0,1.0,0.0,0.0,1903.0,1903329N10087
26,1.0,1.0,1.0,0.0,0.0,22.0,1.0,0.0,0.0,1904.0,1904146N14083
18,1.0,1.0,1.0,0.0,0.0,14.0,1.0,0.0,0.0,1904.0,1904162N21089
10,1.0,1.0,1.0,0.0,0.0,6.0,1.0,0.0,0.0,1904.0,1904184N22085
34,1.0,1.0,1.0,0.0,0.0,30.0,1.0,0.0,0.0,1904.0,1904189N23089
34,1.0,1.0,1.0,0.0,0.0,30.0,1.0,0.0,0.0,1904.0,1904225N20089
34,1.0,1.0,1.0,0.0,0.0,30.0,1.0,0.0,0.0,1904.0,1904233N21089
58,1.0,1.0,1.0,0.0,0.0,54.0,1.0,0.0,0.0,1904.0,1904254N18086
26,1.0,1.0,1.0,0.0,0.0,22.0,1.0,0.0,0.0,1904.0,1904288N13085
18,1.0,1.0,1.0,0.0,0.0,14.0,1.0,0.0,0.0,1904.0,1904326N13089
26,1.0,1.0,1.0,0.0,0.0,22.0,1.0,0.0,0.0,1905.0,1905181N21087
26,1.0,1.0,1.0,0.0,0.0,22.0,1.0,0.0,0.0,1905.0,1905186N22089
26,1.0,1.0,1.0,0.0,0.0,22.0,1.0,0.0,0.0,1905.0,1905192N21090
42,1.0,1.0,1.0,0.0,0.0,38.0,1.0,0.0,0.0,1905.0,1905200N21089
42,1.0,1.0,1.0,0.0,0.0,38.0,1.0,0.0,0.0,1905.0,1905250N19087
34,1.0,1.0,1.0,0.0,0.0,30.0,1.0,0.0,0.0,1905.0,1905265N16087
18,1.0,1.0,1.0,0.0,0.0,14.0,1.0,0.0,0.0,1905.0,1905271N22089
26,1.0,1.0,1.0,0.0,0.0,22.0,1.0,0.0,0.0,1905.0,1905296N17086
10,1.0,1.0,1.0,0.0,0.0,6.0,1.0,0.0,0.0,1905.0,1905342N15092
18,1.0,1.0,1.0,0.0,0.0,14.0,1.0,0.0,0.0,1906.0,1906015N08084
42,1.0,1.0,1.0,0.0,0.0,38.0,1.0,0.0,0.0,1906.0,1906169N19086
34,1.0,1.0,1.0,0.0,0.0,30.0,1.0,0.0,0.0,1906.0,1906188N24090
18,1.0,1.0,1.0,0.0,0.0,14.0,1.0,0.0,0.0,1906.0,1906202N20087
18,1.0,1.0,1.0,0.0,0.0,14.0,1.0,0.0,0.0,1906.0,1906206N21091
26,1.0,1.0,1.0,0.0,0.0,22.0,1.0,0.0,0.0,1906.0,1906239N20086
26,1.0,1.0,1.0,0.0,0.0,22.0,1.0,0.0,0.0,1906.0,1906255N22089
34,1.0,1.0,1.0,0.0,0.0,30.0,1.0,0.0,0.0,1906.0,1906267N17088
18,1.0,1.0,1.0,0.0,0.0,14.0,1.0,0.0,0.0,1906.0,1906300N11085
10,1.0,1.0,1.0,0.0,0.0,6.0,1.0,0.0,0.0,1906.0,1906360N11083
18,1.0,1.0,1.0,0.0,0.0,14.0,1.0,0.0,0.0,1907.0,1907067N08085
58,1.0,1.0,1.0,0.0,0.0,54.0,1.0,0.0,0.0,1907.0,1907164N16085
26,1.0,1.0,1.0,0.0,0.0,22.0,1.0,0.0,0.0,1907.0,1907174N20090
34,1.0,1.0,1.0,0.0,0.0,30.0,1.0,0.0,0.0,1907.0,1907224N21088
26,1.0,1.0,1.0,0.0,0.0,22.0,1.0,0.0,0.0,1907.0,1907230N23088
18,1.0,1.0,1.0,0.0,0.0,14.0,1.0,0.0,0.0,1907.0,1907244N23089
10,1.0,1.0,1.0,0.0,0.0,6.0,1.0,0.0,0.0,1907.0,1907278N21090
42,1.0,1.0,1.0,0.0,0.0,38.0,1.0,0.0,0.0,1907.0,1907286N15091
26,1.0,1.0,1.0,0.0,0.0,22.0,1.0,0.0,0.0,1907.0,1907316N10087
18,1.0,1.0,1.0,0.0,0.0,14.0,1.0,0.0,0.0,1907.0,1907328N09096
50,1.0,1.0,1.0,0.0,0.0,46.0,1.0,0.0,0.0,1908.0,1908168N21089
10,1.0,1.0,1.0,0.0,0.0,6.0,1.0,0.0,0.0,1908.0,1908214N20086
10,1.0,1.0,1.0,0.0,0.0,6.0,1.0,0.0,0.0,1908.0,1908220N21088
66,1.0,1.0,1.0,0.0,0.0,62.0,1.0,0.0,0.0,1908.0,1908241N19087
26,1.0,1.0,1.0,0.0,0.0,22.0,1.0,0.0,0.0,1908.0,1908268N17085
18,1.0,1.0,1.0,0.0,0.0,14.0,1.0,0.0,0.0,1908.0,1908306N10084
18,1.0,1.0,1.0,0.0,0.0,14.0,1.0,0.0,0.0,1908.0,1908314N14093
26,1.0,1.0,1.0,0.0,0.0,22.0,1.0,0.0,0.0,1908.0,1908365N08083
10,1.0,1.0,1.0,0.0,0.0,6.0,1.0,0.0,0.0,1909.0,1909123N09084
18,1.0,1.0,1.0,0.0,0.0,14.0,1.0,0.0,0.0,1909.0,1909132N14090
18,1.0,1.0,1.0,0.0,0.0,14.0,1.0,0.0,0.0,1909.0,1909212N21089
58,1.0,1.0,1.0,0.0,0.0,54.0,1.0,0.0,0.0,1909.0,1909245N15084
10,1.0,1.0,1.0,0.0,0.0,6.0,1.0,0.0,0.0,1909.0,1909264N21088
26,1.0,1.0,1.0,0.0,0.0,22.0,1.0,0.0,0.0,1909.0,1909288N14094
26,1.0,1.0,1.0,0.0,0.0,22.0,1.0,0.0,0.0,1909.0,1909297N16094
34,1.0,1.0,1.0,0.0,0.0,30.0,1.0,0.0,0.0,1909.0,1909336N12085
26,1.0,1.0,1.0,0.0,0.0,22.0,1.0,0.0,0.0,1910.0,1910103N12090
50,1.0,1.0,1.0,0.0,0.0,46.0,1.0,0.0,0.0,1910.0,1910182N20090
42,1.0,1.0,1.0,0.0,0.0,38.0,1.0,0.0,0.0,1910.0,1910213N19087
18,1.0,1.0,1.0,0.0,0.0,14.0,1.0,0.0,0.0,1910.0,1910251N22088
26,1.0,1.0,1.0,0.0,0.0,22.0,1.0,0.0,0.0,1910.0,1910307N09083
18,1.0,1.0,1.0,0.0,0.0,14.0,1.0,0.0,0.0,1910.0,1910316N15086
18,1.0,1.0,1.0,0.0,0.0,14.0,1.0,0.0,0.0,1911.0,1911105N14087
50,1.0,1.0,1.0,0.0,0.0,46.0,1.0,0.0,0.0,1911.0,1911160N18089
34,1.0,1.0,1.0,0.0,0.0,30.0,1.0,0.0,0.0,1911.0,1911169N21088
18,1.0,1.0,1.0,0.0,0.0,14.0,1.0,0.0,0.0,1911.0,1911240N19087
66,1.0,1.0,1.0,0.0,0.0,62.0,1.0,0.0,0.0,1911.0,1911263N16093
26,1.0,1.0,1.0,0.0,0.0,22.0,1.0,0.0,0.0,1911.0,1911293N10097
26,1.0,1.0,1.0,0.0,0.0,22.0,1.0,0.0,0.0,1912.0,1912209N20088
34,1.0,1.0,1.0,0.0,0.0,30.0,1.0,0.0,0.0,1912.0,1912214N18086
26,1.0,1.0,1.0,0.0,0.0,22.0,1.0,0.0,0.0,1912.0,1912241N20087
18,1.0,1.0,1.0,0.0,0.0,14.0,1.0,0.0,0.0,1912.0,1912249N22089
34,1.0,1.0,1.0,0.0,0.0,30.0,1.0,0.0,0.0,1912.0,1912266N15085
42,1.0,1.0,1.0,0.0,0.0,38.0,1.0,0.0,0.0,1912.0,1912302N08089
26,1.0,1.0,1.0,0.0,0.0,22.0,1.0,0.0,0.0,1912.0,1912324N08080
10,1.0,1.0,1.0,0.0,0.0,6.0,1.0,0.0,0.0,1912.0,1912352N06082
42,1.0,1.0,1.0,0.0,0.0,38.0,1.0,0.0,0.0,1913.0,1913197N19087
42,1.0,1.0,1.0,0.0,0.0,38.0,1.0,0.0,0.0,1913.0,1913204N21090
26,1.0,1.0,1.0,0.0,0.0,22.0,1.0,0.0,0.0,1913.0,1913211N22089
50,1.0,1.0,1.0,0.0,0.0,46.0,1.0,0.0,0.0,1913.0,1913218N23090
10,1.0,1.0,1.0,0.0,0.0,6.0,1.0,0.0,0.0,1913.0,1913236N24079
42,1.0,1.0,1.0,0.0,0.0,38.0,1.0,0.0,0.0,1913.0,1913242N20087
26,1.0,1.0,1.0,0.0,0.0,22.0,1.0,0.0,0.0,1913.0,1913286N18086
10,1.0,1.0,1.0,0.0,0.0,6.0,1.0,0.0,0.0,1913.0,1913304N15093
18,1.0,1.0,1.0,0.0,0.0,14.0,1.0,0.0,0.0,1913.0,1913311N07086
10,1.0,1.0,1.0,0.0,0.0,6.0,1.0,0.0,0.0,1913.0,1913349N06085
34,1.0,1.0,1.0,0.0,0.0,30.0,1.0,0.0,0.0,1914.0,1914133N13091
10,1.0,1.0,1.0,0.0,0.0,6.0,1.0,0.0,0.0,1914.0,1914153N18089
34,1.0,1.0,1.0,0.0,0.0,30.0,1.0,0.0,0.0,1914.0,1914175N19087
26,1.0,1.0,1.0,0.0,0.0,22.0,1.0,0.0,0.0,1914.0,1914191N19087
34,1.0,1.0,1.0,0.0,0.0,30.0,1.0,0.0,0.0,1914.0,1914216N24086
42,1.0,1.0,1.0,0.0,0.0,38.0,1.0,0.0,0.0,1914.0,1914256N18083
26,1.0,1.0,1.0,0.0,0.0,22.0,1.0,0.0,0.0,1914.0,1914275N11094
18,1.0,1.0,1.0,0.0,0.0,14.0,1.0,0.0,0.0,1914.0,1914353N09085
26,1.0,1.0,1.0,0.0,0.0,22.0,1.0,0.0,0.0,1915.0,1915174N17088
45,1.0,1.0,1.0,0.0,0.0,41.0,1.0,0.0,0.0,1915.0,1915213N19089
50,1.0,1.0,1.0,0.0,0.0,46.0,1.0,0.0,0.0,1915.0,1915238N18087
18,1.0,1.0,1.0,0.0,0.0,14.0,1.0,0.0,0.0,1915.0,1915249N19086
58,1.0,1.0,1.0,0.0,0.0,54.0,1.0,0.0,0.0,1915.0,1915273N17089
10,1.0,1.0,1.0,0.0,0.0,6.0,1.0,0.0,0.0,1915.0,1915283N19087
26,1.0,1.0,1.0,0.0,0.0,22.0,1.0,0.0,0.0,1915.0,1915308N13087
10,1.0,1.0,1.0,0.0,0.0,6.0,1.0,0.0,0.0,1915.0,1915319N17085
18,1.0,1.0,1.0,0.0,0.0,14.0,1.0,0.0,0.0,1915.0,1915337N10090
18,1.0,1.0,1.0,0.0,0.0,14.0,1.0,0.0,0.0,1916.0,1916125N13091
18,1.0,1.0,1.0,0.0,0.0,14.0,1.0,0.0,0.0,1916.0,1916156N19091
45,1.0,1.0,1.0,0.0,0.0,41.0,1.0,0.0,0.0,1916.0,1916163N21088
10,1.0,1.0,1.0,0.0,0.0,6.0,1.0,0.0,0.0,1916.0,1916226N21089
26,1.0,1.0,1.0,0.0,0.0,22.0,1.0,0.0,0.0,1916.0,1916232N25080
74,1.0,1.0,1.0,0.0,0.0,70.0,1.0,0.0,0.0,1916.0,1916263N18091
34,1.0,1.0,1.0,0.0,0.0,30.0,1.0,0.0,0.0,1916.0,1916276N18088
74,1.0,1.0,1.0,0.0,0.0,70.0,1.0,0.0,0.0,1916.0,1916289N10088
34,1.0,1.0,1.0,0.0,0.0,30.0,1.0,0.0,0.0,1916.0,1916295N12088
26,1.0,1.0,1.0,0.0,0.0,22.0,1.0,0.0,0.0,1916.0,1916301N15092
10,1.0,1.0,1.0,0.0,0.0,6.0,1.0,0.0,0.0,1916.0,1916306N18090
34,1.0,1.0,1.0,0.0,0.0,30.0,1.0,0.0,0.0,1916.0,1916312N15095
18,1.0,1.0,1.0,0.0,0.0,14.0,1.0,0.0,0.0,1916.0,1916326N09088
26,1.0,1.0,1.0,0.0,0.0,22.0,1.0,0.0,0.0,1917.0,1917121N10084
26,1.0,1.0,1.0,0.0,0.0,22.0,1.0,0.0,0.0,1917.0,1917164N22089
34,1.0,1.0,1.0,0.0,0.0,30.0,1.0,0.0,0.0,1917.0,1917177N20088
34,1.0,1.0,1.0,0.0,0.0,30.0,1.0,0.0,0.0,1917.0,1917211N23090
26,1.0,1.0,1.0,0.0,0.0,22.0,1.0,0.0,0.0,1917.0,1917219N21088
34,1.0,1.0,1.0,0.0,0.0,30.0,1.0,0.0,0.0,1917.0,1917248N18087
58,1.0,1.0,1.0,0.0,0.0,54.0,1.0,0.0,0.0,1917.0,1917274N19089
58,1.0,1.0,1.0,0.0,0.0,54.0,1.0,0.0,0.0,1917.0,1917297N11093
34,1.0,1.0,1.0,0.0,0.0,30.0,1.0,0.0,0.0,1918.0,1918014N07086
10,1.0,1.0,1.0,0.0,0.0,6.0,1.0,0.0,0.0,1918.0,1918144N21091
34,1.0,1.0,1.0,0.0,0.0,30.0,1.0,0.0,0.0,1918.0,1918165N21088
18,1.0,1.0,1.0,0.0,0.0,14.0,1.0,0.0,0.0,1918.0,1918209N20089
18,1.0,1.0,1.0,0.0,0.0,14.0,1.0,0.0,0.0,1918.0,1918226N20088
26,1.0,1.0,1.0,0.0,0.0,22.0,1.0,0.0,0.0,1918.0,1918238N24084
26,1.0,1.0,1.0,0.0,0.0,22.0,1.0,0.0,0.0,1918.0,1918247N20088
10,1.0,1.0,1.0,0.0,0.0,6.0,1.0,0.0,0.0,1918.0,1918285N20089
10,1.0,1.0,1.0,0.0,0.0,6.0,1.0,0.0,0.0,1918.0,1918314N10085
18,1.0,1.0,1.0,0.0,0.0,14.0,1.0,0.0,0.0,1918.0,1918321N09083
18,1.0,1.0,1.0,0.0,0.0,14.0,1.0,0.0,0.0,1918.0,1918343N07088
18,1.0,1.0,1.0,0.0,0.0,14.0,1.0,0.0,0.0,1919.0,1919182N20087
58,1.0,1.0,1.0,0.0,0.0,54.0,1.0,0.0,0.0,1919.0,1919209N18090
42,1.0,1.0,1.0,0.0,0.0,38.0,1.0,0.0,0.0,1919.0,1919217N21091
18,1.0,1.0,1.0,0.0,0.0,14.0,1.0,0.0,0.0,1919.0,1919223N22089
50,1.0,1.0,1.0,0.0,0.0,46.0,1.0,0.0,0.0,1919.0,1919236N19088
18,1.0,1.0,1.0,0.0,0.0,14.0,1.0,0.0,0.0,1919.0,1919243N20089
18,1.0,1.0,1.0,0.0,0.0,14.0,1.0,0.0,0.0,1919.0,1919266N15089
58,1.0,1.0,1.0,0.0,0.0,54.0,1.0,0.0,0.0,1919.0,1919305N10084
26,1.0,1.0,1.0,0.0,0.0,22.0,1.0,0.0,0.0,1919.0,1919317N14085
34,1.0,1.0,1.0,0.0,0.0,30.0,1.0,0.0,0.0,1919.0,1919363N08086
42,1.0,1.0,1.0,0.0,0.0,38.0,1.0,0.0,0.0,1920.0,1920121N11088
34,1.0,1.0,1.0,0.0,0.0,30.0,1.0,0.0,0.0,1920.0,1920172N20087
25,1.0,1.0,1.0,0.0,1.0,21.0,1.0,0.0,0.0,1920.0,1920184N17087
25,1.0,1.0,1.0,0.0,0.0,21.0,1.0,0.0,0.0,1920.0,1920197N17087
42,1.0,1.0,1.0,0.0,0.0,38.0,1.0,0.0,0.0,1920.0,1920203N23089
18,1.0,1.0,1.0,0.0,0.0,14.0,1.0,0.0,0.0,1920.0,1920212N21089
26,1.0,1.0,1.0,0.0,0.0,22.0,1.0,0.0,0.0,1920.0,1920218N21092
18,1.0,1.0,1.0,0.0,0.0,14.0,1.0,0.0,0.0,1920.0,1920238N19088
34,1.0,1.0,1.0,0.0,0.0,30.0,1.0,0.0,0.0,1920.0,1920250N17090
26,1.0,1.0,1.0,0.0,0.0,22.0,1.0,0.0,0.0,1921.0,1921096N10084
58,1.0,1.0,1.0,0.0,0.0,54.0,1.0,0.0,0.0,1921.0,1921205N18089
10,1.0,1.0,1.0,0.0,0.0,6.0,1.0,0.0,0.0,1921.0,1921220N21088
42,1.0,1.0,1.0,0.0,0.0,38.0,1.0,0.0,0.0,1921.0,1921245N18089
18,1.0,1.0,1.0,0.0,0.0,14.0,1.0,0.0,0.0,1921.0,1921245N23080
58,1.0,1.0,1.0,0.0,0.0,54.0,1.0,0.0,0.0,1921.0,1921258N18086
74,1.0,1.0,1.0,0.0,0.0,70.0,1.0,0.0,0.0,1921.0,1921277N11097
26,1.0,1.0,1.0,0.0,0.0,22.0,1.0,0.0,0.0,1921.0,1921297N12086
18,1.0,1.0,1.0,0.0,0.0,14.0,1.0,0.0,0.0,1921.0,1921310N11089
42,1.0,1.0,1.0,0.0,0.0,38.0,1.0,0.0,0.0,1921.0,1921361N05086
34,1.0,1.0,1.0,0.0,0.0,30.0,1.0,0.0,0.0,1922.0,1922109N09093
26,1.0,1.0,1.0,0.0,0.0,22.0,1.0,0.0,0.0,1922.0,1922188N20089
26,1.0,1.0,1.0,0.0,0.0,22.0,1.0,0.0,0.0,1922.0,1922208N21088
18,1.0,1.0,1.0,0.0,0.0,14.0,1.0,0.0,0.0,1922.0,1922214N23088
26,1.0,1.0,1.0,0.0,0.0,22.0,1.0,0.0,0.0,1922.0,1922231N21088
26,1.0,1.0,1.0,0.0,0.0,22.0,1.0,0.0,0.0,1922.0,1922251N19088
26,1.0,1.0,1.0,0.0,0.0,22.0,1.0,0.0,0.0,1922.0,1922265N20088
26,1.0,1.0,1.0,0.0,0.0,22.0,1.0,0.0,0.0,1922.0,1922288N10091
18,1.0,1.0,1.0,0.0,0.0,14.0,1.0,0.0,0.0,1922.0,1922312N14097
42,1.0,1.0,1.0,0.0,0.0,38.0,1.0,0.0,0.0,1922.0,1922321N12096
90,1.0,1.0,1.0,0.0,0.0,86.0,1.0,0.0,0.0,1922.0,1922329N09089
42,1.0,1.0,1.0,0.0,0.0,38.0,1.0,0.0,0.0,1922.0,1922340N08091
50,1.0,1.0,1.0,0.0,0.0,46.0,1.0,0.0,0.0,1923.0,1923006N06092
18,1.0,1.0,1.0,0.0,0.0,14.0,1.0,0.0,0.0,1923.0,1923117N14093
34,1.0,1.0,1.0,0.0,0.0,30.0,1.0,0.0,0.0,1923.0,1923122N14085
34,1.0,1.0,1.0,0.0,0.0,30.0,1.0,0.0,0.0,1923.0,1923185N23086
18,1.0,1.0,1.0,0.0,0.0,14.0,1.0,0.0,0.0,1923.0,1923200N19087
26,1.0,1.0,1.0,0.0,0.0,22.0,1.0,0.0,0.0,1923.0,1923209N23091
26,1.0,1.0,1.0,0.0,0.0,22.0,1.0,0.0,0.0,1923.0,1923217N23089
26,1.0,1.0,1.0,0.0,0.0,22.0,1.0,0.0,0.0,1923.0,1923222N22091
26,1.0,1.0,1.0,0.0,0.0,22.0,1.0,0.0,0.0,1923.0,1923227N21089
42,1.0,1.0,1.0,0.0,0.0,38.0,1.0,0.0,0.0,1923.0,1923233N21090
82,1.0,1.0,1.0,0.0,0.0,78.0,1.0,0.0,0.0,1923.0,1923258N15086
26,1.0,1.0,1.0,0.0,0.0,22.0,1.0,0.0,0.0,1923.0,1923271N17086
26,1.0,1.0,1.0,0.0,0.0,22.0,1.0,0.0,0.0,1923.0,1923300N09083
82,1.0,1.0,1.0,0.0,0.0,78.0,1.0,0.0,0.0,1923.0,1923314N10090
18,1.0,1.0,1.0,0.0,0.0,14.0,1.0,0.0,0.0,1923.0,1923356N08087
18,1.0,1.0,1.0,0.0,0.0,14.0,1.0,0.0,0.0,1924.0,1924069N07093
42,1.0,1.0,1.0,0.0,0.0,38.0,1.0,0.0,0.0,1924.0,1924118N10096
34,1.0,1.0,1.0,0.0,0.0,30.0,1.0,0.0,0.0,1924.0,1924140N14094
26,1.0,1.0,1.0,0.0,0.0,22.0,1.0,0.0,0.0,1924.0,1924166N18091
58,1.0,1.0,1.0,0.0,0.0,54.0,1.0,0.0,0.0,1924.0,1924216N21090
50,1.0,1.0,1.0,0.0,0.0,46.0,1.0,0.0,0.0,1924.0,1924238N19089
66,1.0,1.0,1.0,0.0,0.0,62.0,1.0,0.0,0.0,1924.0,1924244N13096
58,1.0,1.0,1.0,0.0,0.0,54.0,1.0,0.0,0.0,1924.0,1924267N09089
18,1.0,1.0,1.0,0.0,0.0,14.0,1.0,0.0,0.0,1924.0,1924275N15088
42,1.0,1.0,1.0,0.0,0.0,38.0,1.0,0.0,0.0,1924.0,1924283N15093
26,1.0,1.0,1.0,0.0,0.0,22.0,1.0,0.0,0.0,1924.0,1924292N14092
34,1.0,1.0,1.0,0.0,0.0,30.0,1.0,0.0,0.0,1924.0,1924309N09086
42,1.0,1.0,1.0,0.0,0.0,38.0,1.0,0.0,0.0,1924.0,1924319N11089
18,1.0,1.0,1.0,0.0,0.0,14.0,1.0,0.0,0.0,1925.0,1925012N04079
34,1.0,1.0,1.0,0.0,0.0,30.0,1.0,0.0,0.0,1925.0,1925071N06079
26,1.0,1.0,1.0,0.0,0.0,22.0,1.0,0.0,0.0,1925.0,1925100N14094
66,1.0,1.0,1.0,0.0,0.0,62.0,1.0,0.0,0.0,1925.0,1925132N11092
42,1.0,1.0,1.0,0.0,0.0,38.0,1.0,0.0,0.0,1925.0,1925153N19071
58,1.0,1.0,1.0,0.0,0.0,54.0,1.0,0.0,0.0,1925.0,1925177N20089
18,1.0,1.0,1.0,0.0,0.0,14.0,1.0,0.0,0.0,1925.0,1925184N21089
26,1.0,1.0,1.0,0.0,0.0,22.0,1.0,0.0,0.0,1925.0,1925192N21088
26,1.0,1.0,1.0,0.0,0.0,22.0,1.0,0.0,0.0,1925.0,1925206N22089
26,1.0,1.0,1.0,0.0,0.0,22.0,1.0,0.0,0.0,1925.0,1925232N21089
42,1.0,1.0,1.0,0.0,0.0,38.0,1.0,0.0,0.0,1925.0,1925242N19087
26,1.0,1.0,1.0,0.0,0.0,22.0,1.0,0.0,0.0,1925.0,1925249N20088
18,1.0,1.0,1.0,0.0,0.0,14.0,1.0,0.0,0.0,1925.0,1925257N23091
18,1.0,1.0,1.0,0.0,0.0,14.0,1.0,0.0,0.0,1925.0,1925287N14094
18,1.0,1.0,1.0,0.0,0.0,14.0,1.0,0.0,0.0,1925.0,1925287N16083
34,1.0,1.0,1.0,0.0,0.0,30.0,1.0,0.0,0.0,1925.0,1925310N08084
34,1.0,1.0,1.0,0.0,0.0,30.0,1.0,0.0,0.0,1925.0,1925328N09086
10,1.0,1.0,1.0,0.0,0.0,6.0,1.0,0.0,0.0,1925.0,1925353N11090
34,1.0,1.0,1.0,0.0,0.0,30.0,1.0,0.0,0.0,1926.0,1926139N09085
26,1.0,1.0,1.0,0.0,0.0,22.0,1.0,0.0,0.0,1926.0,1926186N22091
26,1.0,1.0,1.0,0.0,0.0,22.0,1.0,0.0,0.0,1926.0,1926217N18087
66,1.0,1.0,1.0,0.0,0.0,62.0,1.0,0.0,0.0,1926.0,1926225N24088
34,1.0,1.0,1.0,0.0,0.0,30.0,1.0,0.0,0.0,1926.0,1926247N24087
74,1.0,1.0,1.0,0.0,0.0,70.0,1.0,0.0,0.0,1926.0,1926257N16089
34,1.0,1.0,1.0,0.0,0.0,30.0,1.0,0.0,0.0,1926.0,1926272N16093
26,1.0,1.0,1.0,0.0,0.0,22.0,1.0,0.0,0.0,1926.0,1926288N14095
42,1.0,1.0,1.0,0.0,0.0,38.0,1.0,0.0,0.0,1926.0,1926325N10085
26,1.0,1.0,1.0,0.0,0.0,22.0,1.0,0.0,0.0,1926.0,1926358N10087
18,1.0,1.0,1.0,0.0,0.0,14.0,1.0,0.0,0.0,1927.0,1927125N13088
26,1.0,1.0,1.0,0.0,0.0,22.0,1.0,0.0,0.0,1927.0,1927134N14096
50,1.0,1.0,1.0,0.0,0.0,46.0,1.0,0.0,0.0,1927.0,1927151N17091
34,1.0,1.0,1.0,0.0,0.0,30.0,1.0,0.0,0.0,1927.0,1927167N19087
18,1.0,1.0,1.0,0.0,0.0,14.0,1.0,0.0,0.0,1927.0,1927192N22085
18,1.0,1.0,1.0,0.0,0.0,14.0,1.0,0.0,0.0,1927.0,1927201N19088
50,1.0,1.0,1.0,0.0,0.0,46.0,1.0,0.0,0.0,1927.0,1927204N21088
26,1.0,1.0,1.0,0.0,0.0,22.0,1.0,0.0,0.0,1927.0,1927208N20089
26,1.0,1.0,1.0,0.0,0.0,22.0,1.0,0.0,0.0,1927.0,1927223N20086
34,1.0,1.0,1.0,0.0,0.0,30.0,1.0,0.0,0.0,1927.0,1927228N21088
42,1.0,1.0,1.0,0.0,0.0,38.0,1.0,0.0,0.0,1927.0,1927233N17090
10,1.0,1.0,1.0,0.0,0.0,6.0,1.0,0.0,0.0,1927.0,1927244N21088
42,1.0,1.0,1.0,0.0,0.0,38.0,1.0,0.0,0.0,1927.0,1927261N15088
34,1.0,1.0,1.0,0.0,0.0,30.0,1.0,0.0,0.0,1927.0,1927277N17089
42,1.0,1.0,1.0,0.0,0.0,38.0,1.0,0.0,0.0,1927.0,1927302N10091
26,1.0,1.0,1.0,0.0,0.0,22.0,1.0,0.0,0.0,1927.0,1927318N13089
26,1.0,1.0,1.0,0.0,0.0,22.0,1.0,0.0,0.0,1928.0,1928085N11089
18,1.0,1.0,1.0,0.0,0.0,14.0,1.0,0.0,0.0,1928.0,1928157N19089
34,1.0,1.0,1.0,0.0,0.0,30.0,1.0,0.0,0.0,1928.0,1928167N24088
26,1.0,1.0,1.0,0.0,0.0,22.0,1.0,0.0,0.0,1928.0,1928199N19092
42,1.0,1.0,1.0,0.0,0.0,38.0,1.0,0.0,0.0,1928.0,1928205N19089
10,1.0,1.0,1.0,0.0,0.0,6.0,1.0,0.0,0.0,1928.0,1928214N21091
66,1.0,1.0,1.0,0.0,0.0,62.0,1.0,0.0,0.0,1928.0,1928237N18089
34,1.0,1.0,1.0,0.0,0.0,30.0,1.0,0.0,0.0,1928.0,1928244N22087
42,1.0,1.0,1.0,0.0,0.0,38.0,1.0,0.0,0.0,1928.0,1928275N15094
18,1.0,1.0,1.0,0.0,0.0,14.0,1.0,0.0,0.0,1928.0,1928293N10084
42,1.0,1.0,1.0,0.0,0.0,38.0,1.0,0.0,0.0,1928.0,1928318N08091
18,1.0,1.0,1.0,0.0,0.0,14.0,1.0,0.0,0.0,1928.0,1928357N10088
34,1.0,1.0,1.0,0.0,0.0,30.0,1.0,0.0,0.0,1929.0,1929003N11091
18,1.0,1.0,1.0,0.0,0.0,14.0,1.0,0.0,0.0,1929.0,1929132N14087
18,1.0,1.0,1.0,0.0,0.0,14.0,1.0,0.0,0.0,1929.0,1929153N17091
34,1.0,1.0,1.0,0.0,0.0,30.0,1.0,0.0,0.0,1929.0,1929170N19086
26,1.0,1.0,1.0,0.0,0.0,22.0,1.0,0.0,0.0,1929.0,1929192N20088
42,1.0,1.0,1.0,0.0,0.0,38.0,1.0,0.0,0.0,1929.0,1929196N21089
42,1.0,1.0,1.0,0.0,0.0,38.0,1.0,0.0,0.0,1929.0,1929204N22090
42,1.0,1.0,1.0,0.0,0.0,38.0,1.0,0.0,0.0,1929.0,1929208N23090
34,1.0,1.0,1.0,0.0,0.0,30.0,1.0,0.0,0.0,1929.0,1929219N21090
42,1.0,1.0,1.0,0.0,0.0,38.0,1.0,0.0,0.0,1929.0,1929235N20088
34,1.0,1.0,1.0,0.0,0.0,30.0,1.0,0.0,0.0,1929.0,1929240N19089
50,1.0,1.0,1.0,0.0,0.0,46.0,1.0,0.0,0.0,1929.0,1929275N12085
10,1.0,1.0,1.0,0.0,0.0,6.0,1.0,0.0,0.0,1929.0,1929307N08086
42,1.0,1.0,1.0,0.0,0.0,38.0,1.0,0.0,0.0,1929.0,1929330N11084
34,1.0,1.0,1.0,0.0,0.0,30.0,1.0,0.0,0.0,1930.0,1930125N06083
10,1.0,1.0,1.0,0.0,0.0,6.0,1.0,0.0,0.0,1930.0,1930132N18089
42,1.0,1.0,1.0,0.0,0.0,38.0,1.0,0.0,0.0,1930.0,1930179N19089
58,1.0,1.0,1.0,0.0,0.0,54.0,1.0,0.0,0.0,1930.0,1930196N20092
10,1.0,1.0,1.0,0.0,0.0,6.0,1.0,0.0,0.0,1930.0,1930198N22088
26,1.0,1.0,1.0,0.0,0.0,22.0,1.0,0.0,0.0,1930.0,1930249N18091
26,1.0,1.0,1.0,0.0,0.0,22.0,1.0,0.0,0.0,1930.0,1930294N08086
18,1.0,1.0,1.0,0.0,0.0,14.0,1.0,0.0,0.0,1930.0,1930312N14091
34,1.0,1.0,1.0,0.0,0.0,30.0,1.0,0.0,0.0,1930.0,1930320N12087
10,1.0,1.0,1.0,0.0,0.0,6.0,1.0,0.0,0.0,1930.0,1930332N10084
18,1.0,1.0,1.0,0.0,0.0,14.0,1.0,0.0,0.0,1930.0,1930354N10092
18,1.0,1.0,1.0,0.0,0.0,14.0,1.0,0.0,0.0,1931.0,1931134N15088
10,1.0,1.0,1.0,0.0,0.0,6.0,1.0,0.0,0.0,1931.0,1931218N19089
10,1.0,1.0,1.0,0.0,0.0,6.0,1.0,0.0,0.0,1931.0,1931226N20089
26,1.0,1.0,1.0,0.0,0.0,22.0,1.0,0.0,0.0,1931.0,1931231N21089
18,1.0,1.0,1.0,0.0,0.0,14.0,1.0,0.0,0.0,1931.0,1931242N19088
42,1.0,1.0,1.0,0.0,0.0,38.0,1.0,0.0,0.0,1931.0,1931265N18088
26,1.0,1.0,1.0,0.0,0.0,22.0,1.0,0.0,0.0,1931.0,1931284N17088
18,1.0,1.0,1.0,0.0,0.0,14.0,1.0,0.0,0.0,1931.0,1931298N18087
18,1.0,1.0,1.0,0.0,0.0,14.0,1.0,0.0,0.0,1931.0,1931303N10084
42,1.0,1.0,1.0,0.0,0.0,38.0,1.0,0.0,0.0,1931.0,1931343N05081
18,1.0,1.0,1.0,0.0,0.0,14.0,1.0,0.0,0.0,1931.0,1931356N07083
18,1.0,1.0,1.0,0.0,0.0,14.0,1.0,0.0,0.0,1932.0,1932144N17086
26,1.0,1.0,1.0,0.0,0.0,22.0,1.0,0.0,0.0,1932.0,1932159N20090
50,1.0,1.0,1.0,0.0,0.0,46.0,1.0,0.0,0.0,1932.0,1932191N19087
34,1.0,1.0,1.0,0.0,0.0,30.0,1.0,0.0,0.0,1932.0,1932201N20088
10,1.0,1.0,1.0,0.0,0.0,6.0,1.0,0.0,0.0,1932.0,1932206N20088
74,1.0,1.0,1.0,0.0,0.0,70.0,1.0,0.0,0.0,1932.0,1932246N19087
50,1.0,1.0,1.0,0.0,0.0,46.0,1.0,0.0,0.0,1932.0,1932262N19089
42,1.0,1.0,1.0,0.0,0.0,38.0,1.0,0.0,0.0,1932.0,1932293N14096
58,1.0,1.0,1.0,0.0,0.0,54.0,1.0,0.0,0.0,1932.0,1932304N11083
34,1.0,1.0,1.0,0.0,0.0,30.0,1.0,0.0,0.0,1932.0,1932316N10083
26,1.0,1.0,1.0,0.0,0.0,22.0,1.0,0.0,0.0,1932.0,1932327N08089
26,1.0,1.0,1.0,0.0,0.0,22.0,1.0,0.0,0.0,1933.0,1933142N12088
18,1.0,1.0,1.0,0.0,0.0,14.0,1.0,0.0,0.0,1933.0,1933165N18086
18,1.0,1.0,1.0,0.0,0.0,14.0,1.0,0.0,0.0,1933.0,1933196N23080
18,1.0,1.0,1.0,0.0,0.0,14.0,1.0,0.0,0.0,1933.0,1933198N23085
18,1.0,1.0,1.0,0.0,0.0,14.0,1.0,0.0,0.0,1933.0,1933205N21091
18,1.0,1.0,1.0,0.0,0.0,14.0,1.0,0.0,0.0,1933.0,1933211N18088
42,1.0,1.0,1.0,0.0,0.0,38.0,1.0,0.0,0.0,1933.0,1933214N19089
18,1.0,1.0,1.0,0.0,0.0,14.0,1.0,0.0,0.0,1933.0,1933220N18091
50,1.0,1.0,1.0,0.0,0.0,46.0,1.0,0.0,0.0,1933.0,1933233N25084
50,1.0,1.0,1.0,0.0,0.0,46.0,1.0,0.0,0.0,1933.0,1933249N16087
58,1.0,1.0,1.0,0.0,0.0,54.0,1.0,0.0,0.0,1933.0,1933255N20087
66,1.0,1.0,1.0,0.0,0.0,62.0,1.0,0.0,0.0,1933.0,1933260N17093
66,1.0,1.0,1.0,0.0,0.0,62.0,1.0,0.0,0.0,1933.0,1933286N11092
26,1.0,1.0,1.0,0.0,0.0,22.0,1.0,0.0,0.0,1933.0,1933318N09092
26,1.0,1.0,1.0,0.0,0.0,22.0,1.0,0.0,0.0,1933.0,1933346N07086
10,1.0,1.0,1.0,0.0,0.0,6.0,1.0,0.0,0.0,1934.0,1934023N08086
5,1.0,1.0,1.0,0.0,0.0,1.0,1.0,0.0,0.0,1934.0,1934178N18088
34,1.0,1.0,1.0,0.0,0.0,30.0,1.0,0.0,0.0,1934.0,1934181N21089
18,1.0,1.0,1.0,0.0,0.0,14.0,1.0,0.0,0.0,1934.0,1934212N16086
18,1.0,1.0,1.0,0.0,0.0,14.0,1.0,0.0,0.0,1934.0,1934222N22087
42,1.0,1.0,1.0,0.0,0.0,38.0,1.0,0.0,0.0,1934.0,1934227N18087
42,1.0,1.0,1.0,0.0,0.0,38.0,1.0,0.0,0.0,1934.0,1934233N21088
10,1.0,1.0,1.0,0.0,0.0,6.0,1.0,0.0,0.0,1934.0,1934249N17089
50,1.0,1.0,1.0,0.0,0.0,46.0,1.0,0.0,0.0,1934.0,1934260N20089
18,1.0,1.0,1.0,0.0,0.0,14.0,1.0,0.0,0.0,1934.0,1934274N21093
10,1.0,1.0,1.0,0.0,0.0,6.0,1.0,0.0,0.0,1934.0,1934288N23086
34,1.0,1.0,1.0,0.0,0.0,30.0,1.0,0.0,0.0,1934.0,1934309N10092
10,1.0,1.0,1.0,0.0,0.0,6.0,1.0,0.0,0.0,1934.0,1934329N09088
18,1.0,1.0,1.0,0.0,0.0,14.0,1.0,0.0,0.0,1935.0,1935116N13094
26,1.0,1.0,1.0,0.0,0.0,22.0,1.0,0.0,0.0,1935.0,1935189N21089
34,1.0,1.0,1.0,0.0,0.0,30.0,1.0,0.0,0.0,1935.0,1935195N15087
26,1.0,1.0,1.0,0.0,0.0,22.0,1.0,0.0,0.0,1935.0,1935224N24086
34,1.0,1.0,1.0,0.0,0.0,30.0,1.0,0.0,0.0,1935.0,1935250N20090
82,1.0,1.0,1.0,0.0,0.0,78.0,1.0,0.0,0.0,1935.0,1935290N10083
18,1.0,1.0,1.0,0.0,0.0,14.0,1.0,0.0,0.0,1935.0,1935293N14093
10,1.0,1.0,1.0,0.0,0.0,6.0,1.0,0.0,0.0,1935.0,1935306N14094
50,1.0,1.0,1.0,0.0,0.0,46.0,1.0,0.0,0.0,1935.0,1935315N09087
10,1.0,1.0,1.0,0.0,0.0,6.0,1.0,0.0,0.0,1935.0,1935340N11094
34,1.0,1.0,1.0,0.0,0.0,30.0,1.0,0.0,0.0,1936.0,1936113N10090
42,1.0,1.0,1.0,0.0,0.0,38.0,1.0,0.0,0.0,1936.0,1936144N14084
42,1.0,1.0,1.0,0.0,0.0,38.0,1.0,0.0,0.0,1936.0,1936163N20089
10,1.0,1.0,1.0,0.0,0.0,6.0,1.0,0.0,0.0,1936.0,1936184N20088
58,1.0,1.0,1.0,0.0,0.0,54.0,1.0,0.0,0.0,1936.0,1936203N18087
10,1.0,1.0,1.0,0.0,0.0,6.0,1.0,0.0,0.0,1936.0,1936230N19087
34,1.0,1.0,1.0,0.0,0.0,30.0,1.0,0.0,0.0,1936.0,1936239N19089
26,1.0,1.0,1.0,0.0,0.0,22.0,1.0,0.0,0.0,1936.0,1936249N19089
58,1.0,1.0,1.0,0.0,0.0,54.0,1.0,0.0,0.0,1936.0,1936273N15086
42,1.0,1.0,1.0,0.0,0.0,38.0,1.0,0.0,0.0,1936.0,1936299N10088
26,1.0,1.0,1.0,0.0,0.0,22.0,1.0,0.0,0.0,1936.0,1936309N09088
10,1.0,1.0,1.0,0.0,0.0,6.0,1.0,0.0,0.0,1936.0,1936337N11091
18,1.0,1.0,1.0,0.0,0.0,14.0,1.0,0.0,0.0,1937.0,1937105N10089
18,1.0,1.0,1.0,0.0,0.0,14.0,1.0,0.0,0.0,1937.0,1937118N14097
74,1.0,1.0,1.0,0.0,0.0,70.0,1.0,0.0,0.0,1937.0,1937171N21090
18,1.0,1.0,1.0,0.0,0.0,14.0,1.0,0.0,0.0,1937.0,1937192N20087
34,1.0,1.0,1.0,0.0,0.0,30.0,1.0,0.0,0.0,1937.0,1937203N19089
18,1.0,1.0,1.0,0.0,0.0,14.0,1.0,0.0,0.0,1937.0,1937214N21089
10,1.0,1.0,1.0,0.0,0.0,6.0,1.0,0.0,0.0,1937.0,1937237N25081
10,1.0,1.0,1.0,0.0,0.0,6.0,1.0,0.0,0.0,1937.0,1937246N19087
26,1.0,1.0,1.0,0.0,0.0,22.0,1.0,0.0,0.0,1937.0,1937248N21088
34,1.0,1.0,1.0,0.0,0.0,30.0,1.0,0.0,0.0,1937.0,1937254N18090
34,1.0,1.0,1.0,0.0,0.0,30.0,1.0,0.0,0.0,1937.0,1937269N17094
26,1.0,1.0,1.0,0.0,0.0,22.0,1.0,0.0,0.0,1937.0,1937276N14074
34,1.0,1.0,1.0,0.0,0.0,30.0,1.0,0.0,0.0,1937.0,1937284N15096
18,1.0,1.0,1.0,0.0,0.0,14.0,1.0,0.0,0.0,1937.0,1937333N10084
18,1.0,1.0,1.0,0.0,0.0,14.0,1.0,0.0,0.0,1937.0,1937360N11094
10,1.0,1.0,1.0,0.0,0.0,6.0,1.0,0.0,0.0,1938.0,1938079N08085
26,1.0,1.0,1.0,0.0,0.0,22.0,1.0,0.0,0.0,1938.0,1938145N21089
18,1.0,1.0,1.0,0.0,0.0,14.0,1.0,0.0,0.0,1938.0,1938191N24088
18,1.0,1.0,1.0,0.0,0.0,14.0,1.0,0.0,0.0,1938.0,1938223N22091
82,1.0,1.0,1.0,0.0,0.0,78.0,1.0,0.0,0.0,1938.0,1938269N14091
50,1.0,1.0,1.0,0.0,0.0,46.0,1.0,0.0,0.0,1938.0,1938279N18090
50,1.0,1.0,1.0,0.0,0.0,46.0,1.0,0.0,0.0,1938.0,1938310N08091
42,1.0,1.0,1.0,0.0,0.0,38.0,1.0,0.0,0.0,1938.0,1938325N09089
26,1.0,1.0,1.0,0.0,0.0,22.0,1.0,0.0,0.0,1939.0,1939007N07088
18,1.0,1.0,1.0,0.0,0.0,14.0,1.0,0.0,0.0,1939.0,1939102N07082
18,1.0,1.0,1.0,0.0,0.0,14.0,1.0,0.0,0.0,1939.0,1939174N23087
18,1.0,1.0,1.0,0.0,0.0,14.0,1.0,0.0,0.0,1939.0,1939195N23088
18,1.0,1.0,1.0,0.0,0.0,14.0,1.0,0.0,0.0,1939.0,1939201N21089
58,1.0,1.0,1.0,0.0,0.0,54.0,1.0,0.0,0.0,1939.0,1939210N24091
34,1.0,1.0,1.0,0.0,0.0,30.0,1.0,0.0,0.0,1939.0,1939228N21089
10,1.0,1.0,1.0,0.0,0.0,6.0,1.0,0.0,0.0,1939.0,1939234N19091
34,1.0,1.0,1.0,0.0,0.0,30.0,1.0,0.0,0.0,1939.0,1939240N19092
18,1.0,1.0,1.0,0.0,0.0,14.0,1.0,0.0,0.0,1939.0,1939249N22086
34,1.0,1.0,1.0,0.0,0.0,30.0,1.0,0.0,0.0,1939.0,1939255N24085
50,1.0,1.0,1.0,0.0,0.0,46.0,1.0,0.0,0.0,1939.0,1939264N23091
18,1.0,1.0,1.0,0.0,0.0,14.0,1.0,0.0,0.0,1939.0,1939273N18093
10,1.0,1.0,1.0,0.0,0.0,6.0,1.0,0.0,0.0,1939.0,1939294N15081
10,1.0,1.0,1.0,0.0,0.0,6.0,1.0,0.0,0.0,1939.0,1939319N10082
50,1.0,1.0,1.0,0.0,0.0,46.0,1.0,0.0,0.0,1939.0,1939337N10095
50,1.0,1.0,1.0,0.0,0.0,46.0,1.0,0.0,0.0,1940.0,1940139N12083
21,1.0,1.0,1.0,0.0,0.0,17.0,1.0,0.0,0.0,1940.0,1940176N19088
26,1.0,1.0,1.0,0.0,0.0,22.0,1.0,0.0,0.0,1940.0,1940182N21089
10,1.0,1.0,1.0,0.0,0.0,6.0,1.0,0.0,0.0,1940.0,1940190N22088
26,1.0,1.0,1.0,0.0,0.0,22.0,1.0,0.0,0.0,1940.0,1940215N22089
50,1.0,1.0,1.0,0.0,0.0,46.0,1.0,0.0,0.0,1940.0,1940233N19087
34,1.0,1.0,1.0,0.0,0.0,30.0,1.0,0.0,0.0,1940.0,1940239N22090
58,1.0,1.0,1.0,0.0,0.0,54.0,1.0,0.0,0.0,1940.0,1940259N17087
26,1.0,1.0,1.0,0.0,0.0,22.0,1.0,0.0,0.0,1940.0,1940262N14096
18,1.0,1.0,1.0,0.0,0.0,14.0,1.0,0.0,0.0,1940.0,1940294N18087
34,1.0,1.0,1.0,0.0,0.0,30.0,1.0,0.0,0.0,1940.0,1940317N11079
34,1.0,1.0,1.0,0.0,0.0,30.0,1.0,0.0,0.0,1940.0,1940320N13085
18,1.0,1.0,1.0,0.0,0.0,14.0,1.0,0.0,0.0,1940.0,1940355N11092
34,1.0,1.0,1.0,0.0,0.0,30.0,1.0,0.0,0.0,1941.0,1941142N13095
10,1.0,1.0,1.0,0.0,0.0,6.0,1.0,0.0,0.0,1941.0,1941152N17084
10,1.0,1.0,1.0,0.0,0.0,6.0,1.0,0.0,0.0,1941.0,1941155N20088
18,1.0,1.0,1.0,0.0,0.0,14.0,1.0,0.0,0.0,1941.0,1941166N22090
50,1.0,1.0,1.0,0.0,0.0,46.0,1.0,0.0,0.0,1941.0,1941179N21090
50,1.0,1.0,1.0,0.0,0.0,46.0,1.0,0.0,0.0,1941.0,1941187N22088
10,1.0,1.0,1.0,0.0,0.0,6.0,1.0,0.0,0.0,1941.0,1941209N21092
42,1.0,1.0,1.0,0.0,0.0,38.0,1.0,0.0,0.0,1941.0,1941220N21089
42,1.0,1.0,1.0,0.0,0.0,38.0,1.0,0.0,0.0,1941.0,1941227N19092
18,1.0,1.0,1.0,0.0,0.0,14.0,1.0,0.0,0.0,1941.0,1941237N23089
18,1.0,1.0,1.0,0.0,0.0,14.0,1.0,0.0,0.0,1941.0,1941243N25086
42,1.0,1.0,1.0,0.0,0.0,38.0,1.0,0.0,0.0,1941.0,1941250N20089
10,1.0,1.0,1.0,0.0,0.0,6.0,1.0,0.0,0.0,1941.0,1941255N15084
66,1.0,1.0,1.0,0.0,0.0,62.0,1.0,0.0,0.0,1941.0,1941277N07088
34,1.0,1.0,1.0,0.0,0.0,30.0,1.0,0.0,0.0,1941.0,1941319N14083
50,1.0,1.0,1.0,0.0,0.0,46.0,1.0,0.0,0.0,1941.0,1941334N08087
50,1.0,1.0,1.0,0.0,0.0,46.0,1.0,0.0,0.0,1941.0,1941343N09092
10,1.0,1.0,1.0,0.0,0.0,6.0,1.0,0.0,0.0,1942.0,1942154N16091
26,1.0,1.0,1.0,0.0,0.0,22.0,1.0,0.0,0.0,1942.0,1942183N21090
42,1.0,1.0,1.0,0.0,0.0,38.0,1.0,0.0,0.0,1942.0,1942189N21090
26,1.0,1.0,1.0,0.0,0.0,22.0,1.0,0.0,0.0,1942.0,1942205N21089
42,1.0,1.0,1.0,0.0,0.0,38.0,1.0,0.0,0.0,1942.0,1942213N22090
82,1.0,1.0,1.0,0.0,0.0,78.0,1.0,0.0,0.0,1942.0,1942241N18090
34,1.0,1.0,1.0,0.0,0.0,30.0,1.0,0.0,0.0,1942.0,1942252N21092
26,1.0,1.0,1.0,0.0,0.0,22.0,1.0,0.0,0.0,1942.0,1942262N23089
26,1.0,1.0,1.0,0.0,0.0,22.0,1.0,0.0,0.0,1942.0,1942269N17087
34,1.0,1.0,1.0,0.0,0.0,30.0,1.0,0.0,0.0,1942.0,1942287N17090
34,1.0,1.0,1.0,0.0,0.0,30.0,1.0,0.0,0.0,1942.0,1942304N11085
26,1.0,1.0,1.0,0.0,0.0,22.0,1.0,0.0,0.0,1942.0,1942317N14095
82,1.0,1.0,1.0,0.0,0.0,78.0,1.0,0.0,0.0,1943.0,1943133N11082
18,1.0,1.0,1.0,0.0,0.0,14.0,1.0,0.0,0.0,1943.0,1943151N20089
18,1.0,1.0,1.0,0.0,0.0,14.0,1.0,0.0,0.0,1943.0,1943192N21087
26,1.0,1.0,1.0,0.0,0.0,22.0,1.0,0.0,0.0,1943.0,1943198N21089
50,1.0,1.0,1.0,0.0,0.0,46.0,1.0,0.0,0.0,1943.0,1943205N20090
18,1.0,1.0,1.0,0.0,0.0,14.0,1.0,0.0,0.0,1943.0,1943212N20090
34,1.0,1.0,1.0,0.0,0.0,30.0,1.0,0.0,0.0,1943.0,1943216N22089
18,1.0,1.0,1.0,0.0,0.0,14.0,1.0,0.0,0.0,1943.0,1943233N23085
50,1.0,1.0,1.0,0.0,0.0,46.0,1.0,0.0,0.0,1943.0,1943265N19089
66,1.0,1.0,1.0,0.0,0.0,62.0,1.0,0.0,0.0,1943.0,1943278N13084
26,1.0,1.0,1.0,0.0,0.0,22.0,1.0,0.0,0.0,1943.0,1943289N15081
18,1.0,1.0,1.0,0.0,0.0,14.0,1.0,0.0,0.0,1943.0,1943302N14087
18,1.0,1.0,1.0,0.0,0.0,14.0,1.0,0.0,0.0,1943.0,1943324N08086
42,1.0,1.0,1.0,0.0,0.0,38.0,1.0,0.0,0.0,1944.0,1944060N04085
10,1.0,1.0,1.0,0.0,0.0,6.0,1.0,0.0,0.0,1944.0,1944141N15092
10,1.0,1.0,1.0,0.0,0.0,6.0,1.0,0.0,0.0,1944.0,1944167N22091
58,1.0,1.0,1.0,0.0,0.0,54.0,1.0,0.0,0.0,1944.0,1944191N19087
18,1.0,1.0,1.0,0.0,0.0,14.0,1.0,0.0,0.0,1944.0,1944201N22087
34,1.0,1.0,1.0,0.0,0.0,30.0,1.0,0.0,0.0,1944.0,1944205N21091
50,1.0,1.0,1.0,0.0,0.0,46.0,1.0,0.0,0.0,1944.0,1944210N20090
18,1.0,1.0,1.0,0.0,0.0,14.0,1.0,0.0,0.0,1944.0,1944224N25078
42,1.0,1.0,1.0,0.0,0.0,38.0,1.0,0.0,0.0,1944.0,1944227N23084
42,1.0,1.0,1.0,0.0,0.0,38.0,1.0,0.0,0.0,1944.0,1944231N19089
66,1.0,1.0,1.0,0.0,0.0,62.0,1.0,0.0,0.0,1944.0,1944237N21091
26,1.0,1.0,1.0,0.0,0.0,22.0,1.0,0.0,0.0,1944.0,1944273N19089
18,1.0,1.0,1.0,0.0,0.0,14.0,1.0,0.0,0.0,1944.0,1944277N21089
18,1.0,1.0,1.0,0.0,0.0,14.0,1.0,0.0,0.0,1944.0,1944288N13085
34,1.0,1.0,1.0,0.0,0.0,30.0,1.0,0.0,0.0,1944.0,1944299N12084
18,1.0,1.0,1.0,0.0,0.0,14.0,1.0,0.0,0.0,1944.0,1944311N13090
10,1.0,1.0,1.0,0.0,0.0,6.0,1.0,0.0,0.0,1944.0,1944333N11086
18,1.0,1.0,1.0,0.0,0.0,14.0,1.0,0.0,0.0,1944.0,1944366N10087
20,1.0,1.0,1.0,0.0,0.0,16.0,1.0,0.0,0.0,1945.0,1945120N12093
36,1.0,1.0,1.0,0.0,0.0,32.0,1.0,0.0,0.0,1945.0,1945177N23085
20,1.0,1.0,1.0,0.0,0.0,16.0,1.0,0.0,0.0,1945.0,1945188N20089
12,1.0,1.0,1.0,0.0,0.0,8.0,1.0,0.0,0.0,1945.0,1945202N17088
12,1.0,1.0,1.0,0.0,0.0,8.0,1.0,0.0,0.0,1945.0,1945243N16085
52,1.0,1.0,1.0,0.0,0.0,48.0,1.0,0.0,0.0,1945.0,1945249N18090
60,1.0,1.0,1.0,0.0,0.0,56.0,1.0,0.0,0.0,1945.0,1945261N18089
20,1.0,1.0,1.0,0.0,0.0,16.0,1.0,0.0,0.0,1945.0,1945272N18089
52,1.0,1.0,1.0,0.0,0.0,48.0,1.0,0.0,0.0,1945.0,1945288N07092
28,1.0,1.0,1.0,0.0,0.0,24.0,1.0,0.0,0.0,1945.0,1945310N07086
20,1.0,1.0,1.0,0.0,0.0,16.0,1.0,0.0,0.0,1945.0,1945338N08087
20,1.0,1.0,1.0,0.0,0.0,16.0,1.0,0.0,0.0,1945.0,1945346N09088
20,1.0,1.0,1.0,0.0,0.0,16.0,1.0,0.0,0.0,1946.0,1946183N20091
12,1.0,1.0,1.0,0.0,0.0,8.0,1.0,0.0,0.0,1946.0,1946195N23088
36,1.0,1.0,1.0,0.0,0.0,32.0,1.0,0.0,0.0,1946.0,1946201N17087
37,1.0,1.0,1.0,0.0,0.0,33.0,1.0,0.0,0.0,1946.0,1946213N20089
36,1.0,1.0,1.0,0.0,0.0,32.0,1.0,0.0,0.0,1946.0,1946217N20090
20,1.0,1.0,1.0,0.0,0.0,16.0,1.0,0.0,0.0,1946.0,1946229N20091
36,1.0,1.0,1.0,0.0,0.0,32.0,1.0,0.0,0.0,1946.0,1946249N20090
36,1.0,1.0,1.0,0.0,0.0,32.0,1.0,0.0,0.0,1946.0,1946253N23089
36,1.0,1.0,1.0,0.0,0.0,32.0,1.0,0.0,0.0,1946.0,1946257N20089
28,1.0,1.0,1.0,0.0,0.0,24.0,1.0,0.0,0.0,1946.0,1946276N16092
20,1.0,1.0,1.0,0.0,0.0,16.0,1.0,0.0,0.0,1946.0,1946289N12085
44,1.0,1.0,1.0,0.0,0.0,40.0,1.0,0.0,0.0,1946.0,1946305N09088
44,1.0,1.0,1.0,0.0,0.0,40.0,1.0,0.0,0.0,1946.0,1946310N08089
52,1.0,1.0,1.0,0.0,0.0,48.0,1.0,0.0,0.0,1946.0,1946319N09086
36,1.0,1.0,1.0,0.0,0.0,32.0,1.0,0.0,0.0,1946.0,1946340N11086
36,1.0,1.0,1.0,0.0,0.0,32.0,1.0,0.0,0.0,1947.0,1947056N06089
12,1.0,1.0,1.0,0.0,0.0,8.0,1.0,0.0,0.0,1947.0,1947108N13096
44,1.0,1.0,1.0,0.0,0.0,40.0,1.0,0.0,0.0,1947.0,1947175N19090
20,1.0,1.0,1.0,0.0,0.0,16.0,1.0,0.0,0.0,1947.0,1947191N19091
20,1.0,1.0,1.0,0.0,0.0,16.0,1.0,0.0,0.0,1947.0,1947196N20090
53,1.0,1.0,1.0,0.0,0.0,49.0,1.0,0.0,0.0,1947.0,1947223N16119
60,1.0,1.0,1.0,0.0,0.0,56.0,1.0,0.0,0.0,1947.0,1947233N17087
20,1.0,1.0,1.0,0.0,0.0,16.0,1.0,0.0,0.0,1947.0,1947239N19089
52,1.0,1.0,1.0,0.0,0.0,48.0,1.0,0.0,0.0,1947.0,1947245N22089
36,1.0,1.0,1.0,0.0,0.0,32.0,1.0,0.0,0.0,1947.0,1947268N17088
20,1.0,1.0,1.0,0.0,0.0,16.0,1.0,0.0,0.0,1947.0,1947294N09092
44,1.0,1.0,1.0,0.0,0.0,40.0,1.0,0.0,0.0,1947.0,1947305N12097
36,1.0,1.0,1.0,0.0,0.0,32.0,1.0,0.0,0.0,1947.0,1947345N08092
20,1.0,1.0,1.0,0.0,0.0,16.0,1.0,0.0,0.0,1947.0,1947354N09086
12,1.0,1.0,1.0,0.0,0.0,8.0,1.0,0.0,0.0,1948.0,1948014N11087
20,1.0,1.0,1.0,0.0,0.0,16.0,1.0,0.0,0.0,1948.0,1948094N13093
20,1.0,1.0,1.0,0.0,0.0,16.0,1.0,0.0,0.0,1948.0,1948137N15093
28,1.0,1.0,1.0,0.0,0.0,24.0,1.0,0.0,0.0,1948.0,1948176N20089
20,1.0,1.0,1.0,0.0,0.0,16.0,1.0,0.0,0.0,1948.0,1948188N20088
20,1.0,1.0,1.0,0.0,0.0,16.0,1.0,0.0,0.0,1948.0,1948209N20090
36,1.0,1.0,1.0,0.0,0.0,32.0,1.0,0.0,0.0,1948.0,1948225N18087
12,1.0,1.0,1.0,0.0,0.0,8.0,1.0,0.0,0.0,1948.0,1948236N21089
100,1.0,1.0,1.0,0.0,0.0,96.0,1.0,0.0,0.0,1948.0,1948263N17086
12,1.0,1.0,1.0,0.0,0.0,8.0,1.0,0.0,0.0,1948.0,1948271N17088
37,1.0,1.0,1.0,0.0,0.0,33.0,1.0,0.0,0.0,1948.0,1948275N11114
12,1.0,1.0,1.0,0.0,0.0,8.0,1.0,0.0,0.0,1948.0,1948276N20090
20,1.0,1.0,1.0,0.0,0.0,16.0,1.0,0.0,0.0,1948.0,1948280N16095
44,1.0,1.0,1.0,0.0,0.0,40.0,1.0,0.0,0.0,1948.0,1948303N09091
12,1.0,1.0,1.0,0.0,0.0,8.0,1.0,0.0,0.0,1949.0,1949112N11089
12,1.0,1.0,1.0,0.0,0.0,8.0,1.0,0.0,0.0,1949.0,1949141N11084
52,1.0,1.0,1.0,0.0,0.0,48.0,1.0,0.0,0.0,1949.0,1949159N20088
20,1.0,1.0,1.0,0.0,0.0,16.0,1.0,0.0,0.0,1949.0,1949194N19086
16,1.0,1.0,1.0,0.0,0.0,12.0,1.0,0.0,0.0,1949.0,1949213N20088
12,1.0,1.0,1.0,0.0,0.0,8.0,1.0,0.0,0.0,1949.0,1949250N18087
52,1.0,1.0,1.0,0.0,0.0,48.0,1.0,0.0,0.0,1949.0,1949256N20088
36,1.0,1.0,1.0,0.0,0.0,32.0,1.0,0.0,0.0,1949.0,1949262N16092
12,1.0,1.0,1.0,0.0,0.0,8.0,1.0,0.0,0.0,1949.0,1949281N18089
76,1.0,1.0,1.0,0.0,0.0,72.0,1.0,0.0,0.0,1949.0,1949294N10095
36,1.0,1.0,1.0,0.0,0.0,32.0,1.0,0.0,0.0,1950.0,1950098N05083
36,1.0,1.0,1.0,0.0,0.0,32.0,1.0,0.0,0.0,1950.0,1950143N08093
28,1.0,1.0,1.0,0.0,0.0,24.0,1.0,0.0,0.0,1950.0,1950160N19091
28,1.0,1.0,1.0,0.0,0.0,24.0,1.0,0.0,0.0,1950.0,1950174N20089
12,1.0,1.0,1.0,0.0,0.0,8.0,1.0,0.0,0.0,1950.0,1950192N20088
28,1.0,1.0,1.0,0.0,0.0,24.0,1.0,0.0,0.0,1950.0,1950192N25079
36,1.0,1.0,1.0,0.0,0.0,32.0,1.0,0.0,0.0,1950.0,1950206N21089
28,1.0,1.0,1.0,0.0,0.0,24.0,1.0,0.0,0.0,1950.0,1950215N25087
44,1.0,1.0,1.0,0.0,0.0,40.0,1.0,0.0,0.0,1950.0,1950221N21089
12,1.0,1.0,1.0,0.0,0.0,8.0,1.0,0.0,0.0,1950.0,1950244N26079
20,1.0,1.0,1.0,0.0,0.0,16.0,1.0,0.0,0.0,1950.0,1950252N15085
60,1.0,1.0,1.0,0.0,0.0,56.0,1.0,0.0,0.0,1950.0,1950255N21090
12,1.0,1.0,1.0,0.0,0.0,8.0,1.0,0.0,0.0,1950.0,1950265N19088
44,1.0,1.0,1.0,0.0,0.0,40.0,1.0,0.0,0.0,1950.0,1950290N12082
28,1.0,1.0,1.0,0.0,0.0,24.0,1.0,0.0,0.0,1950.0,1950320N11084
32,1.0,1.0,1.0,0.0,0.0,28.0,1.0,0.0,0.0,1950.0,1950336N07086
12,1.0,1.0,1.0,0.0,0.0,8.0,1.0,0.0,0.0,1951.0,1951155N18088
33,1.0,1.0,1.0,0.0,0.0,29.0,1.0,0.0,0.0,1951.0,1951202N12104
36,1.0,1.0,1.0,0.0,0.0,32.0,1.0,0.0,0.0,1951.0,1951205N17089
12,1.0,1.0,1.0,0.0,0.0,8.0,1.0,0.0,0.0,1951.0,1951211N20087
12,1.0,1.0,1.0,0.0,0.0,8.0,1.0,0.0,0.0,1951.0,1951228N20090
86,1.0,1.0,1.0,0.0,0.0,82.0,1.0,0.0,0.0,1951.0,1951246N14120
12,1.0,1.0,1.0,0.0,0.0,8.0,1.0,0.0,0.0,1951.0,1951328N11085
60,1.0,1.0,1.0,0.0,0.0,56.0,1.0,0.0,0.0,1951.0,1951340N08090
12,1.0,1.0,1.0,0.0,0.0,8.0,1.0,0.0,0.0,1952.0,1952137N10093
28,1.0,1.0,1.0,0.0,0.0,24.0,1.0,0.0,0.0,1952.0,1952141N12084
28,1.0,1.0,1.0,0.0,0.0,24.0,1.0,0.0,0.0,1952.0,1952176N21090
28,1.0,1.0,1.0,0.0,0.0,24.0,1.0,0.0,0.0,1952.0,1952186N21089
20,1.0,1.0,1.0,0.0,0.0,16.0,1.0,0.0,0.0,1952.0,1952202N21089
36,1.0,1.0,1.0,0.0,0.0,32.0,1.0,0.0,0.0,1952.0,1952209N22087
36,1.0,1.0,1.0,0.0,0.0,32.0,1.0,0.0,0.0,1952.0,1952213N21091
12,1.0,1.0,1.0,0.0,0.0,8.0,1.0,0.0,0.0,1952.0,1952226N21089
12,1.0,1.0,1.0,0.0,0.0,8.0,1.0,0.0,0.0,1952.0,1952233N19089
12,1.0,1.0,1.0,0.0,0.0,8.0,1.0,0.0,0.0,1952.0,1952280N14084
12,1.0,1.0,1.0,0.0,0.0,8.0,1.0,0.0,0.0,1952.0,1952289N14085
71,1.0,0.5633802816901409,1.0,0.0,0.0,67.0,1.0,0.0,0.0,1952.0,1952289N15128
28,1.0,1.0,1.0,0.0,0.0,24.0,1.0,0.0,0.0,1952.0,1952293N15093
36,1.0,1.0,1.0,0.0,0.0,32.0,1.0,0.0,0.0,1952.0,1952313N13089
36,1.0,1.0,1.0,0.0,0.0,32.0,1.0,0.0,0.0,1952.0,1952331N07092
20,1.0,1.0,1.0,0.0,0.0,16.0,1.0,0.0,0.0,1953.0,1953028N08097
8,1.0,1.0,1.0,0.0,0.0,4.0,1.0,0.0,0.0,1953.0,1953120N13091
36,1.0,1.0,1.0,0.0,0.0,32.0,1.0,0.0,0.0,1953.0,1953167N17087
36,1.0,1.0,1.0,0.0,0.0,32.0,1.0,0.0,0.0,1953.0,1953213N20090
12,1.0,1.0,1.0,0.0,0.0,8.0,1.0,0.0,0.0,1953.0,1953222N20090
44,1.0,1.0,1.0,0.0,0.0,40.0,1.0,0.0,0.0,1953.0,1953266N16092
12,1.0,1.0,1.0,0.0,0.0,8.0,1.0,0.0,0.0,1953.0,1953294N11084
44,1.0,1.0,1.0,0.0,0.0,40.0,1.0,0.0,0.0,1953.0,1953308N11092
28,1.0,1.0,1.0,0.0,0.0,24.0,1.0,0.0,0.0,1953.0,1953327N10091
20,1.0,1.0,1.0,0.0,0.0,16.0,1.0,0.0,0.0,1954.0,1954219N18086
105,1.0,0.0,1.0,0.0,0.0,101.0,1.0,0.0,0.0,1954.0,1954231N10159
28,1.0,1.0,1.0,0.0,0.0,24.0,1.0,0.0,0.0,1954.0,1954245N18088
20,1.0,1.0,1.0,0.0,0.0,16.0,1.0,0.0,0.0,1954.0,1954266N22080
44,1.0,1.0,1.0,0.0,0.0,40.0,1.0,0.0,0.0,1954.0,1954269N14088
20,1.0,1.0,1.0,0.0,0.0,16.0,1.0,0.0,0.0,1954.0,1954293N09088
12,1.0,1.0,1.0,0.0,0.0,8.0,1.0,0.0,0.0,1954.0,1954298N18085
20,1.0,1.0,1.0,0.0,0.0,16.0,1.0,0.0,0.0,1954.0,1954344N10082
12,1.0,1.0,1.0,0.0,0.0,8.0,1.0,0.0,0.0,1954.0,1954350N05086
20,1.0,1.0,1.0,0.0,0.0,16.0,1.0,0.0,0.0,1955.0,1955125N11084
12,1.0,1.0,1.0,0.0,0.0,8.0,1.0,0.0,0.0,1955.0,1955137N10085
12,1.0,1.0,1.0,0.0,0.0,8.0,1.0,0.0,0.0,1955.0,1955175N17087
12,1.0,1.0,1.0,0.0,0.0,8.0,1.0,0.0,0.0,1955.0,1955178N20089
28,1.0,1.0,1.0,0.0,0.0,24.0,1.0,0.0,0.0,1955.0,1955237N18087
36,1.0,1.0,1.0,0.0,0.0,32.0,1.0,0.0,0.0,1955.0,1955245N21090
20,1.0,1.0,1.0,0.0,0.0,16.0,1.0,0.0,0.0,1955.0,1955264N19087
28,1.0,1.0,1.0,0.0,0.0,24.0,1.0,0.0,0.0,1955.0,1955273N18090
60,1.0,1.0,1.0,0.0,0.0,56.0,1.0,0.0,0.0,1955.0,1955279N13091
12,1.0,1.0,1.0,0.0,0.0,8.0,1.0,0.0,0.0,1955.0,1955289N12085
12,1.0,1.0,1.0,0.0,0.0,8.0,1.0,0.0,0.0,1955.0,1955295N16086
28,1.0,1.0,1.0,0.0,0.0,24.0,1.0,0.0,0.0,1955.0,1955308N09092
20,1.0,1.0,1.0,0.0,0.0,16.0,1.0,0.0,0.0,1955.0,1955333N09084
20,1.0,1.0,1.0,0.0,0.0,16.0,1.0,0.0,0.0,1956.0,1956040N07092
44,1.0,1.0,1.0,0.0,0.0,40.0,1.0,0.0,0.0,1956.0,1956118N08091
44,1.0,1.0,1.0,0.0,0.0,40.0,1.0,0.0,0.0,1956.0,1956150N22090
12,1.0,1.0,1.0,0.0,0.0,8.0,1.0,0.0,0.0,1956.0,1956177N17086
28,1.0,1.0,1.0,0.0,0.0,24.0,1.0,0.0,0.0,1956.0,1956183N19088
44,1.0,1.0,1.0,0.0,0.0,40.0,1.0,0.0,0.0,1956.0,1956214N19088
28,1.0,1.0,1.0,0.0,0.0,24.0,1.0,0.0,0.0,1956.0,1956220N21088
44,1.0,1.0,1.0,0.0,0.0,40.0,1.0,0.0,0.0,1956.0,1956227N18088
28,1.0,1.0,1.0,0.0,0.0,24.0,1.0,0.0,0.0,1956.0,1956253N21090
37,1.0,1.0,1.0,0.0,0.0,33.0,1.0,0.0,0.0,1956.0,1956300N06091
12,1.0,1.0,1.0,0.0,0.0,8.0,1.0,0.0,0.0,1956.0,1956324N09085
52,1.0,1.0,1.0,0.0,0.0,48.0,1.0,0.0,0.0,1957.0,1957231N20091
28,1.0,1.0,1.0,0.0,0.0,24.0,1.0,0.0,0.0,1957.0,1957253N15087
20,1.0,1.0,1.0,0.0,0.0,16.0,1.0,0.0,0.0,1957.0,1957266N19090
12,1.0,1.0,1.0,0.0,0.0,8.0,1.0,0.0,0.0,1957.0,1957359N07083
12,1.0,1.0,1.0,0.0,0.0,8.0,1.0,0.0,0.0,1958.0,1958127N13083
24,1.0,1.0,1.0,0.0,0.0,20.0,1.0,0.0,0.0,1958.0,1958136N16088
20,1.0,1.0,1.0,0.0,0.0,16.0,1.0,0.0,0.0,1958.0,1958190N20088
12,1.0,1.0,1.0,0.0,0.0,8.0,1.0,0.0,0.0,1958.0,1958197N21088
44,1.0,1.0,1.0,0.0,0.0,40.0,1.0,0.0,0.0,1958.0,1958241N19088
44,1.0,1.0,1.0,0.0,0.0,40.0,1.0,0.0,0.0,1958.0,1958251N20090
20,1.0,1.0,1.0,0.0,0.0,16.0,1.0,0.0,0.0,1958.0,1958256N21090
84,1.0,1.0,1.0,0.0,0.0,80.0,1.0,0.0,0.0,1958.0,1958279N10086
28,1.0,1.0,1.0,0.0,0.0,24.0,1.0,0.0,0.0,1958.0,1958290N13082
29,1.0,1.0,1.0,0.0,0.0,25.0,1.0,0.0,0.0,1958.0,1958291N11103
20,1.0,1.0,1.0,0.0,0.0,16.0,1.0,0.0,0.0,1958.0,1958295N19090
28,1.0,1.0,1.0,0.0,0.0,24.0,1.0,0.0,0.0,1958.0,1958310N16085
92,1.0,1.0,1.0,0.0,0.0,88.0,1.0,0.0,0.0,1958.0,1958322N08093
12,1.0,1.0,1.0,0.0,0.0,8.0,1.0,0.0,0.0,1959.0,1959174N10085
44,1.0,1.0,1.0,0.0,0.0,40.0,1.0,0.0,0.0,1959.0,1959179N18089
12,1.0,1.0,1.0,0.0,0.0,8.0,1.0,0.0,0.0,1959.0,1959185N19089
68,1.0,1.0,1.0,0.0,0.0,64.0,1.0,0.0,0.0,1959.0,1959191N21090
20,1.0,1.0,1.0,0.0,0.0,16.0,1.0,0.0,0.0,1959.0,1959198N16088
28,1.0,1.0,1.0,0.0,0.0,24.0,1.0,0.0,0.0,1959.0,1959215N24089
20,1.0,1.0,1.0,0.0,0.0,16.0,1.0,0.0,0.0,1959.0,1959237N18086
44,1.0,1.0,1.0,0.0,0.0,40.0,1.0,0.0,0.0,1959.0,1959253N21086
44,1.0,1.0,1.0,0.0,0.0,40.0,1.0,0.0,0.0,1959.0,1959270N17092
28,1.0,1.0,1.0,0.0,0.0,24.0,1.0,0.0,0.0,1959.0,1959300N09083
68,1.0,1.0,1.0,0.0,0.0,64.0,1.0,0.0,0.0,1959.0,1959332N10081
20,1.0,1.0,1.0,0.0,0.0,16.0,1.0,0.0,0.0,1959.0,1959339N09091
20,1.0,1.0,1.0,0.0,0.0,16.0,1.0,0.0,0.0,1960.0,1960148N20089
28,1.0,1.0,1.0,0.0,0.0,24.0,1.0,0.0,0.0,1960.0,1960182N20089
12,1.0,1.0,1.0,0.0,0.0,8.0,1.0,0.0,0.0,1960.0,1960222N21089
60,1.0,1.0,1.0,0.0,0.0,56.0,1.0,0.0,0.0,1960.0,1960226N19090
36,1.0,1.0,1.0,0.0,0.0,32.0,1.0,0.0,0.0,1960.0,1960237N20090
12,1.0,1.0,1.0,0.0,0.0,8.0,1.0,0.0,0.0,1960.0,1960270N21087
100,1.0,1.0,1.0,0.0,0.0,96.0,1.0,0.0,0.0,1960.0,1960273N13117
28,1.0,1.0,1.0,0.0,0.0,24.0,1.0,0.0,0.0,1960.0,1960302N08090
12,1.0,1.0,1.0,0.0,0.0,8.0,1.0,0.0,0.0,1960.0,1960324N11084
52,1.0,1.0,1.0,0.0,0.0,48.0,1.0,0.0,0.0,1960.0,1960331N10088
23,1.0,1.0,1.0,1.0,0.0,19.0,1.0,0.0,0.0,1960.0,1960332N08105
16,1.0,1.0,1.0,0.0,0.0,12.0,1.0,0.0,0.0,1961.0,1961009N10082
36,1.0,1.0,1.0,0.0,0.0,32.0,1.0,0.0,0.0,1961.0,1961048N05086
39,1.0,1.0,1.0,0.0,0.0,35.0,1.0,0.0,0.0,1961.0,1961125N11096
32,1.0,1.0,1.0,0.0,0.0,28.0,1.0,0.0,0.0,1961.0,1961147N15095
52,1.0,1.0,1.0,0.0,0.0,48.0,1.0,0.0,0.0,1961.0,1961159N21090
17,1.0,1.0,1.0,0.0,0.0,13.0,1.0,0.0,0.0,1961.0,1961178N17093
17,1.0,1.0,1.0,0.0,0.0,13.0,1.0,0.0,0.0,1961.0,1961182N22088
92,1.0,1.0,1.0,0.0,0.0,88.0,1.0,0.0,0.0,1961.0,1961248N22089
52,1.0,1.0,1.0,0.0,0.0,48.0,1.0,0.0,0.0,1961.0,1961254N19094
12,1.0,1.0,1.0,0.0,0.0,8.0,1.0,0.0,0.0,1961.0,1961265N21090
48,1.0,1.0,1.0,0.0,0.0,44.0,1.0,0.0,0.0,1961.0,1961270N20090
36,1.0,1.0,1.0,0.0,0.0,32.0,1.0,0.0,0.0,1961.0,1961282N20079
33,1.0,1.0,1.0,0.0,0.0,29.0,1.0,0.0,0.0,1961.0,1961291N12120
16,1.0,1.0,1.0,0.0,0.0,12.0,1.0,0.0,0.0,1961.0,1961297N20092
72,1.0,1.0,1.0,0.0,0.0,68.0,1.0,0.0,0.0,1962.0,1962134N10082
16,1.0,1.0,1.0,0.0,0.0,12.0,1.0,0.0,0.0,1962.0,1962144N17092
20,1.0,1.0,1.0,0.0,0.0,16.0,1.0,0.0,0.0,1962.0,1962157N19088
20,1.0,1.0,1.0,0.0,0.0,16.0,1.0,0.0,0.0,1962.0,1962192N17087
56,1.0,1.0,1.0,0.0,0.0,52.0,1.0,0.0,0.0,1962.0,1962251N17086
63,1.0,0.6031746031746031,1.0,0.0,0.0,59.0,1.0,0.0,0.0,1962.0,1962254N11123
48,1.0,1.0,1.0,0.0,0.0,44.0,1.0,0.0,0.0,1962.0,1962259N17086
52,1.0,1.0,1.0,0.0,0.0,48.0,1.0,0.0,0.0,1962.0,1962262N19092
63,1.0,0.9206349206349206,1.0,0.0,0.0,59.0,1.0,0.0,0.0,1962.0,1962292N11119
36,1.0,1.0,1.0,0.0,0.0,32.0,1.0,0.0,0.0,1962.0,1962295N08085
40,1.0,1.0,1.0,0.0,0.0,36.0,1.0,0.0,0.0,1962.0,1962299N10094
69,1.0,0.2028985507246377,1.0,0.0,0.0,65.0,1.0,0.0,0.0,1962.0,1962327N05144
38,1.0,1.0,1.0,0.0,0.0,34.0,1.0,0.0,0.0,1962.0,1962329N07104
32,1.0,1.0,1.0,0.0,0.0,28.0,1.0,0.0,0.0,1962.0,1962343N10090
28,1.0,1.0,1.0,0.0,0.0,24.0,1.0,0.0,0.0,1963.0,1963003N05085
44,1.0,1.0,1.0,0.0,0.0,40.0,1.0,0.0,0.0,1963.0,1963144N09090
20,1.0,1.0,1.0,0.0,0.0,16.0,1.0,0.0,0.0,1963.0,1963157N20088
32,1.0,1.0,1.0,0.0,0.0,28.0,1.0,0.0,0.0,1963.0,1963174N14096
24,1.0,1.0,1.0,0.0,0.0,20.0,1.0,0.0,0.0,1963.0,1963185N22089
52,1.0,1.0,1.0,0.0,0.0,48.0,1.0,0.0,0.0,1963.0,1963221N20089
68,1.0,1.0,1.0,0.0,0.0,64.0,1.0,0.0,0.0,1963.0,1963251N16097
68,1.0,1.0,1.0,0.0,0.0,64.0,1.0,0.0,0.0,1963.0,1963264N17120
53,1.0,1.0,1.0,0.0,0.0,49.0,1.0,0.0,0.0,1963.0,1963274N15115
32,1.0,1.0,1.0,0.0,0.0,28.0,1.0,0.0,0.0,1963.0,1963277N15096
80,1.0,1.0,1.0,0.0,0.0,76.0,1.0,0.0,0.0,1963.0,1963291N09092
16,1.0,1.0,1.0,0.0,0.0,12.0,1.0,0.0,0.0,1963.0,1963297N10092
48,1.0,1.0,1.0,0.0,0.0,44.0,1.0,0.0,0.0,1963.0,1963334N05090
28,1.0,1.0,1.0,0.0,0.0,24.0,1.0,0.0,0.0,1964.0,1964127N12086
36,1.0,1.0,1.0,0.0,0.0,32.0,1.0,0.0,0.0,1964.0,1964185N21090
16,1.0,1.0,1.0,0.0,0.0,12.0,1.0,0.0,0.0,1964.0,1964218N19088
32,1.0,1.0,1.0,0.0,0.0,28.0,1.0,0.0,0.0,1964.0,1964222N20090
12,1.0,1.0,1.0,0.0,0.0,8.0,1.0,0.0,0.0,1964.0,1964228N21088
32,1.0,1.0,1.0,0.0,0.0,28.0,1.0,0.0,0.0,1964.0,1964236N22088
21,1.0,1.0,1.0,0.0,0.0,17.0,1.0,0.0,0.0,1964.0,1964240N15111
105,1.0,0.20952380952380953,1.0,0.0,0.0,101.0,1.0,0.0,0.0,1964.0,1964256N17141
28,1.0,1.0,1.0,0.0,0.0,24.0,1.0,0.0,0.0,1964.0,1964267N21089
67,1.0,0.26865671641791045,1.0,0.0,0.0,63.0,1.0,0.0,0.0,1964.0,1964269N12142
20,1.0,1.0,1.0,0.0,0.0,16.0,1.0,0.0,0.0,1964.0,1964271N17086
32,1.0,1.0,1.0,0.0,0.0,28.0,1.0,0.0,0.0,1964.0,1964278N21091
45,1.0,1.0,1.0,0.0,0.0,41.0,1.0,0.0,0.0,1964.0,1964286N10112
73,1.0,0.5753424657534246,1.0,0.0,0.0,69.0,1.0,0.0,0.0,1964.0,1964291N11143
36,1.0,1.0,1.0,0.0,0.0,32.0,1.0,0.0,0.0,1964.0,1964291N16091
40,1.0,1.0,1.0,0.0,0.0,36.0,1.0,0.0,0.0,1964.0,1964308N08096
75,1.0,0.5066666666666667,1.0,0.0,0.0,71.0,1.0,0.0,0.0,1964.0,1964316N13117
100,1.0,1.0,1.0,0.0,0.0,96.0,1.0,0.0,0.0,1964.0,1964321N14086
57,1.0,1.0,1.0,0.0,0.0,53.0,1.0,0.0,0.0,1964.0,1964352N05093
24,1.0,1.0,1.0,0.0,0.0,20.0,1.0,0.0,0.0,1965.0,1965129N14085
49,1.0,1.0,1.0,0.0,0.0,45.0,1.0,0.0,0.0,1965.0,1965146N15089
85,1.0,0.16470588235294117,1.0,0.0,0.0,81.0,1.0,0.0,0.0,1965.0,1965187N08144
24,1.0,1.0,1.0,0.0,0.0,20.0,1.0,0.0,0.0,1965.0,1965194N19087
24,1.0,1.0,1.0,0.0,0.0,20.0,1.0,0.0,0.0,1965.0,1965207N21090
5,1.0,1.0,1.0,0.0,0.0,1.0,1.0,0.0,0.0,1965.0,1965212N26077
55,1.0,0.6181818181818182,1.0,0.0,0.0,51.0,1.0,0.0,0.0,1965.0,1965226N17116
17,1.0,1.0,1.0,0.0,0.0,13.0,1.0,0.0,0.0,1965.0,1965235N20087
37,1.0,1.0,1.0,0.0,0.0,33.0,1.0,0.0,0.0,1965.0,1965238N14114
21,1.0,1.0,1.0,0.0,0.0,17.0,1.0,0.0,0.0,1965.0,1965239N17111
40,1.0,1.0,1.0,0.0,0.0,36.0,1.0,0.0,0.0,1965.0,1965243N19091
21,1.0,1.0,1.0,0.0,0.0,17.0,1.0,0.0,0.0,1965.0,1965258N12107
44,1.0,1.0,1.0,0.0,0.0,40.0,1.0,0.0,0.0,1965.0,1965262N15084
16,1.0,1.0,1.0,0.0,0.0,12.0,1.0,0.0,0.0,1965.0,1965280N18091
36,1.0,1.0,1.0,0.0,0.0,32.0,1.0,0.0,0.0,1965.0,1965294N13083
21,1.0,1.0,1.0,0.0,0.0,17.0,1.0,0.0,0.0,1965.0,1965302N10102
32,1.0,1.0,1.0,0.0,0.0,28.0,1.0,0.0,0.0,1965.0,1965310N12086
76,1.0,1.0,1.0,0.0,0.0,72.0,1.0,0.0,0.0,1965.0,1965340N05092
39,1.0,0.41025641025641024,1.0,0.0,0.0,35.0,1.0,0.0,0.0,1965.0,1965352N09111
41,1.0,1.0,1.0,0.0,0.0,37.0,1.0,0.0,0.0,1965.0,1965364N08088
53,1.0,1.0,1.0,0.0,0.0,49.0,1.0,0.0,0.0,1966.0,1966118N08088
12,1.0,1.0,1.0,0.0,0.0,8.0,1.0,0.0,0.0,1966.0,1966137N14096
12,1.0,1.0,1.0,0.0,0.0,8.0,1.0,0.0,0.0,1966.0,1966153N15088
20,1.0,1.0,1.0,0.0,0.0,16.0,1.0,0.0,0.0,1966.0,1966167N21090
9,1.0,1.0,1.0,0.0,0.0,5.0,1.0,0.0,0.0,1966.0,1966179N21088
12,1.0,1.0,1.0,0.0,0.0,8.0,1.0,0.0,0.0,1966.0,1966198N20088
28,1.0,1.0,1.0,0.0,0.0,24.0,1.0,0.0,0.0,1966.0,1966209N21088
52,1.0,1.0,1.0,0.0,0.0,48.0,1.0,0.0,0.0,1966.0,1966245N20088
37,1.0,1.0,1.0,0.0,0.0,33.0,1.0,0.0,0.0,1966.0,1966270N09090
17,1.0,1.0,1.0,0.0,0.0,13.0,1.0,0.0,0.0,1966.0,1966284N12086
88,1.0,1.0,1.0,0.0,0.0,84.0,1.0,0.0,0.0,1966.0,1966305N09096
56,1.0,1.0,1.0,0.0,0.0,52.0,1.0,0.0,0.0,1966.0,1966312N08084
36,1.0,1.0,1.0,0.0,0.0,32.0,1.0,0.0,0.0,1966.0,1966322N09087
44,1.0,1.0,1.0,0.0,0.0,40.0,1.0,0.0,0.0,1966.0,1966329N10096
48,1.0,1.0,1.0,0.0,0.0,44.0,1.0,0.0,0.0,1966.0,1966341N08088
32,1.0,1.0,1.0,0.0,0.0,28.0,1.0,0.0,0.0,1966.0,1966350N08090
40,1.0,1.0,1.0,0.0,0.0,36.0,1.0,0.0,0.0,1966.0,1966364N08088
54,1.0,1.0,1.0,0.0,0.0,50.0,1.0,0.0,0.0,1967.0,1967001N06083
32,1.0,1.0,1.0,0.0,0.0,28.0,1.0,0.0,0.0,1967.0,1967135N11092
5,1.0,1.0,1.0,0.0,0.0,1.0,1.0,0.0,0.0,1967.0,1967180N20088
32,1.0,1.0,1.0,0.0,0.0,28.0,1.0,0.0,0.0,1967.0,1967207N20088
24,1.0,1.0,1.0,0.0,0.0,20.0,1.0,0.0,0.0,1967.0,1967212N19090
12,1.0,1.0,1.0,0.0,0.0,8.0,1.0,0.0,0.0,1967.0,1967230N21090
44,1.0,1.0,1.0,0.0,0.0,40.0,1.0,0.0,0.0,1967.0,1967245N21090
8,1.0,1.0,1.0,0.0,0.0,4.0,1.0,0.0,0.0,1967.0,1967263N25086
25,1.0,1.0,1.0,0.0,0.0,21.0,1.0,0.0,0.0,1967.0,1967270N20089
28,1.0,1.0,1.0,0.0,0.0,24.0,1.0,0.0,0.0,1967.0,1967281N18089
16,1.0,1.0,1.0,0.0,0.0,12.0,1.0,0.0,0.0,1967.0,1967293N07079
32,1.0,1.0,1.0,0.0,0.0,28.0,1.0,0.0,0.0,1967.0,1967293N09090
20,1.0,1.0,1.0,0.0,0.0,16.0,1.0,0.0,0.0,1967.0,1967304N10085
28,1.0,1.0,1.0,0.0,0.0,24.0,1.0,0.0,0.0,1967.0,1967331N06085
40,1.0,1.0,1.0,0.0,0.0,36.0,1.0,0.0,0.0,1967.0,1967338N05088
32,1.0,1.0,1.0,0.0,0.0,28.0,1.0,0.0,0.0,1968.0,1968128N14096
24,1.0,1.0,1.0,0.0,0.0,20.0,1.0,0.0,0.0,1968.0,1968164N21090
24,1.0,1.0,1.0,0.0,0.0,20.0,1.0,0.0,0.0,1968.0,1968191N23088
56,1.0,1.0,1.0,0.0,0.0,52.0,1.0,0.0,0.0,1968.0,1968208N18089
48,1.0,1.0,1.0,0.0,0.0,44.0,1.0,0.0,0.0,1968.0,1968216N22090
28,1.0,1.0,1.0,0.0,0.0,24.0,1.0,0.0,0.0,1968.0,1968224N22091
20,1.0,1.0,1.0,0.0,0.0,16.0,1.0,0.0,0.0,1968.0,1968235N19090
28,1.0,1.0,1.0,0.0,0.0,24.0,1.0,0.0,0.0,1968.0,1968254N19091
48,1.0,1.0,1.0,0.0,0.0,44.0,1.0,0.0,0.0,1968.0,1968273N14089
60,1.0,1.0,1.0,0.0,0.0,56.0,1.0,0.0,0.0,1968.0,1968295N11089
28,1.0,1.0,1.0,0.0,0.0,24.0,1.0,0.0,0.0,1968.0,1968307N11087
52,1.0,1.0,1.0,0.0,0.0,48.0,1.0,0.0,0.0,1968.0,1968314N08089
48,1.0,1.0,1.0,0.0,0.0,44.0,1.0,0.0,0.0,1968.0,1968347N05091
48,1.0,1.0,1.0,0.0,0.0,44.0,1.0,0.0,0.0,1969.0,1969134N15087
32,1.0,1.0,1.0,0.0,0.0,28.0,1.0,0.0,0.0,1969.0,1969167N15088
40,1.0,1.0,1.0,0.0,0.0,36.0,1.0,0.0,0.0,1969.0,1969209N19090
8,1.0,1.0,1.0,0.0,0.0,4.0,1.0,0.0,0.0,1969.0,1969220N21090
28,1.0,1.0,1.0,0.0,0.0,24.0,1.0,0.0,0.0,1969.0,1969225N21090
47,1.0,0.5106382978723404,1.0,0.0,0.0,43.0,1.0,0.0,0.0,1969.0,1969241N10127
48,1.0,1.0,1.0,0.0,0.0,44.0,1.0,0.0,0.0,1969.0,1969249N17087
36,1.0,1.0,1.0,0.0,0.0,32.0,1.0,0.0,0.0,1969.0,1969261N17088
28,1.0,1.0,1.0,0.0,0.0,24.0,1.0,0.0,0.0,1969.0,1969266N21093
20,1.0,1.0,1.0,0.0,0.0,16.0,1.0,0.0,0.0,1969.0,1969282N18087
24,1.0,1.0,1.0,0.0,0.0,20.0,1.0,0.0,0.0,1969.0,1969294N11083
44,1.0,1.0,1.0,0.0,0.0,40.0,1.0,0.0,0.0,1969.0,1969308N12095
20,1.0,1.0,1.0,0.0,0.0,16.0,1.0,0.0,0.0,1969.0,1969345N11081
48,1.0,1.0,1.0,0.0,0.0,44.0,1.0,0.0,0.0,1969.0,1969355N04091
40,1.0,1.0,1.0,0.0,0.0,36.0,1.0,0.0,0.0,1970.0,1970122N10089
8,1.0,1.0,1.0,0.0,0.0,4.0,1.0,0.0,0.0,1970.0,1970143N19091
36,1.0,1.0,1.0,0.0,0.0,32.0,1.0,0.0,0.0,1970.0,1970158N21090
33,1.0,1.0,1.0,0.0,0.0,29.0,1.0,0.0,0.0,1970.0,1970180N20088
20,1.0,1.0,1.0,0.0,0.0,16.0,1.0,0.0,0.0,1970.0,1970187N18091
20,1.0,1.0,1.0,0.0,0.0,16.0,1.0,0.0,0.0,1970.0,1970229N18086
92,1.0,1.0,1.0,0.0,0.0,88.0,1.0,0.0,0.0,1970.0,1970245N22087
80,1.0,1.0,1.0,0.0,0.0,76.0,1.0,0.0,0.0,1970.0,1970251N20091
16,1.0,1.0,1.0,0.0,0.0,12.0,1.0,0.0,0.0,1970.0,1970264N17085
52,1.0,1.0,1.0,0.0,0.0,48.0,1.0,0.0,0.0,1970.0,1970291N14085
44,1.0,1.0,1.0,0.0,0.0,40.0,1.0,0.0,0.0,1970.0,1970312N12086
16,1.0,1.0,1.0,0.0,0.0,12.0,1.0,0.0,0.0,1970.0,1970323N09085
79,1.0,0.9367088607594937,1.0,0.0,0.0,75.0,1.0,0.0,0.0,1970.0,1970324N05143
37,1.0,1.0,1.0,0.0,0.0,33.0,1.0,0.0,0.0,1971.0,1971124N10093
41,1.0,1.0,1.0,0.0,0.0,37.0,1.0,0.0,0.0,1971.0,1971154N20088
29,1.0,1.0,1.0,0.0,0.0,25.0,1.0,0.0,0.0,1971.0,1971171N20089
55,1.0,0.36363636363636365,1.0,0.0,0.0,51.0,1.0,0.0,0.0,1971.0,1971189N12130
57,1.0,1.0,1.0,0.0,0.0,53.0,1.0,0.0,0.0,1971.0,1971196N20089
29,1.0,1.0,1.0,0.0,0.0,25.0,1.0,0.0,0.0,1971.0,1971207N22089
17,1.0,1.0,1.0,0.0,0.0,13.0,1.0,0.0,0.0,1971.0,1971220N21088
21,1.0,1.0,1.0,0.0,0.0,17.0,1.0,0.0,0.0,1971.0,1971242N23082
61,1.0,0.4918032786885246,1.0,0.0,0.0,57.0,1.0,0.0,0.0,1971.0,1971267N12130
9,1.0,1.0,1.0,0.0,0.0,5.0,1.0,0.0,0.0,1971.0,1971267N15084
29,1.0,1.0,1.0,0.0,0.0,25.0,1.0,0.0,0.0,1971.0,1971271N19089
29,1.0,1.0,1.0,0.0,0.0,25.0,1.0,0.0,0.0,1971.0,1971287N16089
49,1.0,1.0,1.0,0.0,0.0,45.0,1.0,0.0,0.0,1971.0,1971300N12091
25,1.0,1.0,1.0,0.0,0.0,21.0,1.0,0.0,0.0,1971.0,1971308N11092
33,1.0,0.48484848484848486,1.0,0.0,0.0,29.0,1.0,0.0,0.0,1972.0,1972098N09091
13,1.0,1.0,1.0,0.0,0.0,9.0,1.0,0.0,0.0,1972.0,1972187N22088
17,1.0,1.0,1.0,0.0,0.0,13.0,1.0,0.0,0.0,1972.0,1972195N21091
61,1.0,1.0,1.0,0.0,0.0,57.0,1.0,0.0,0.0,1972.0,1972218N22089
65,1.0,1.0,1.0,0.0,0.0,61.0,1.0,0.0,0.0,1972.0,1972225N22090
25,1.0,1.0,1.0,0.0,0.0,21.0,1.0,0.0,0.0,1972.0,1972241N24086
61,1.0,0.29508196721311475,1.0,0.0,0.0,57.0,1.0,0.0,0.0,1972.0,1972244N12123
61,1.0,0.7868852459016393,1.0,0.0,0.0,57.0,1.0,0.0,0.0,1972.0,1972251N15097
45,1.0,0.7111111111111111,1.0,0.0,0.0,41.0,1.0,0.0,0.0,1972.0,1972264N17092
25,1.0,1.0,1.0,0.0,0.0,21.0,1.0,0.0,0.0,1972.0,1972277N12087
65,1.0,0.12307692307692308,1.0,0.0,0.0,61.0,1.0,0.0,0.0,1972.0,1972320N10091
29,1.0,1.0,1.0,0.0,0.0,25.0,1.0,0.0,0.0,1972.0,1972331N14091
66,1.0,0.3787878787878788,1.0,0.0,0.0,62.0,1.0,0.0,0.0,1972.0,1972335N08116
57,1.0,1.0,1.0,0.0,0.0,53.0,1.0,0.0,0.0,1972.0,1972336N10089
5,1.0,1.0,1.0,0.0,0.0,1.0,1.0,0.0,0.0,1972.0,1972355N08084
25,1.0,1.0,1.0,0.0,0.0,21.0,1.0,0.0,0.0,1973.0,1973187N19087
21,1.0,1.0,1.0,0.0,0.0,17.0,1.0,0.0,0.0,1973.0,1973193N20089
29,1.0,1.0,1.0,0.0,0.0,25.0,1.0,0.0,0.0,1973.0,1973200N21088
45,1.0,1.0,1.0,0.0,0.0,41.0,1.0,0.0,0.0,1973.0,1973238N21088
25,1.0,1.0,1.0,0.0,0.0,21.0,1.0,0.0,0.0,1973.0,1973245N22088
49,1.0,0.4489795918367347,1.0,0.0,0.0,45.0,1.0,0.0,0.0,1973.0,1973280N12090
45,1.0,0.17777777777777778,1.0,0.0,0.0,41.0,1.0,0.0,0.0,1973.0,1973308N07091
45,1.0,0.17777777777777778,1.0,0.0,0.0,41.0,1.0,0.0,0.0,1973.0,1973317N08122
29,1.0,0.20689655172413793,1.0,0.0,0.0,25.0,1.0,0.0,0.0,1973.0,1973319N13090
37,1.0,0.2702702702702703,1.0,0.0,0.0,33.0,1.0,0.0,0.0,1973.0,1973339N07088
17,1.0,1.0,1.0,0.0,0.0,13.0,1.0,0.0,0.0,1973.0,1973348N07088
17,1.0,1.0,1.0,0.0,0.0,13.0,1.0,0.0,0.0,1973.0,1973360N04090
21,1.0,1.0,1.0,0.0,0.0,17.0,1.0,0.0,0.0,1974.0,1974150N22089
21,1.0,1.0,1.0,0.0,0.0,17.0,1.0,0.0,0.0,1974.0,1974167N18086
13,1.0,1.0,1.0,0.0,0.0,9.0,1.0,0.0,0.0,1974.0,1974220N19087
57,1.0,1.0,1.0,0.0,0.0,53.0,1.0,0.0,0.0,1974.0,1974225N22089
33,1.0,1.0,1.0,0.0,0.0,29.0,1.0,0.0,0.0,1974.0,1974269N16092
13,1.0,1.0,1.0,0.0,0.0,9.0,1.0,0.0,0.0,1974.0,1974280N17085
9,1.0,1.0,1.0,0.0,0.0,5.0,1.0,0.0,0.0,1974.0,1974287N17086
45,1.0,0.35555555555555557,1.0,0.0,0.0,41.0,1.0,0.0,0.0,1974.0,1974327N11088
33,1.0,1.0,1.0,0.0,0.0,29.0,1.0,0.0,0.0,1975.0,1975007N08092
33,1.0,0.36363636363636365,1.0,0.0,0.0,29.0,1.0,0.0,0.0,1975.0,1975125N13096
29,1.0,1.0,1.0,0.0,0.0,25.0,1.0,0.0,0.0,1975.0,1975155N16087
13,1.0,1.0,1.0,0.0,0.0,9.0,1.0,0.0,0.0,1975.0,1975169N19087
29,1.0,1.0,1.0,0.0,0.0,25.0,1.0,0.0,0.0,1975.0,1975177N19087
41,1.0,1.0,1.0,0.0,0.0,37.0,1.0,0.0,0.0,1975.0,1975199N24086
17,1.0,1.0,1.0,0.0,0.0,13.0,1.0,0.0,0.0,1975.0,1975217N19088
61,1.0,1.0,1.0,0.0,0.0,57.0,1.0,0.0,0.0,1975.0,1975229N20089
33,1.0,1.0,1.0,0.0,0.0,29.0,1.0,0.0,0.0,1975.0,1975252N19086
53,1.0,0.03773584905660377,1.0,0.0,0.0,49.0,1.0,0.0,0.0,1975.0,1975258N12132
29,1.0,1.0,1.0,0.0,0.0,25.0,1.0,0.0,0.0,1975.0,1975267N23088
13,1.0,1.0,1.0,0.0,0.0,9.0,1.0,0.0,0.0,1975.0,1975290N15083
13,1.0,1.0,1.0,0.0,0.0,9.0,1.0,0.0,0.0,1975.0,1975299N11085
21,1.0,1.0,1.0,0.0,0.0,17.0,1.0,0.0,0.0,1975.0,1975305N15085
41,1.0,0.14634146341463414,1.0,0.0,0.0,37.0,1.0,0.0,0.0,1975.0,1975311N11089
65,1.0,0.24615384615384617,1.0,0.0,0.0,61.0,1.0,0.0,0.0,1975.0,1975328N09085
33,1.0,0.30303030303030304,1.0,0.0,0.0,29.0,1.0,0.0,0.0,1976.0,1976120N12093
37,1.0,1.0,1.0,0.0,0.0,33.0,1.0,0.0,0.0,1976.0,1976210N23089
25,1.0,1.0,1.0,0.0,0.0,21.0,1.0,0.0,0.0,1976.0,1976214N19088
57,1.0,1.0,1.0,0.0,0.0,53.0,1.0,0.0,0.0,1976.0,1976225N20089
105,1.0,1.0,1.0,0.0,0.0,101.0,1.0,0.0,0.0,1976.0,1976240N21083
97,1.0,0.865979381443299,1.0,0.0,0.0,93.0,1.0,0.0,0.0,1976.0,1976252N17093
53,1.0,1.0,1.0,0.0,0.0,49.0,1.0,0.0,0.0,1976.0,1976289N09086
33,1.0,1.0,1.0,0.0,0.0,29.0,1.0,0.0,0.0,1976.0,1976308N13088
21,1.0,1.0,1.0,0.0,0.0,17.0,1.0,0.0,0.0,1976.0,1976320N11087
61,1.0,1.0,1.0,0.0,0.0,57.0,1.0,0.0,0.0,1976.0,1976328N08090
53,1.0,0.41509433962264153,1.0,0.0,0.0,49.0,1.0,0.0,0.0,1976.0,1976363N08089
37,1.0,0.6486486486486487,1.0,0.0,0.0,33.0,1.0,0.0,0.0,1977.0,1977129N08084
77,0.7402597402597403,0.4675324675324675,1.0,0.0,0.0,73.0,1.0,0.0,0.0,1977.0,1977194N06142
51,0.8823529411764706,0.6666666666666666,1.0,0.0,0.0,47.0,1.0,0.0,0.0,1977.0,1977243N14129
69,1.0,0.7536231884057971,1.0,0.0,0.0,65.0,1.0,0.0,0.0,1977.0,1977300N13092
113,1.0,0.672566371681416,1.0,0.0,0.0,109.0,1.0,0.0,0.0,1977.0,1977313N09092
53,1.0,0.33962264150943394,1.0,0.0,0.0,49.0,1.0,0.0,0.0,1977.0,1977318N06093
29,1.0,0.0,1.0,0.0,0.0,25.0,1.0,0.0,0.0,1978.0,1978134N11091
73,0.9041095890410958,0.547945205479452,1.0,0.0,0.0,69.0,1.0,0.0,0.0,1978.0,1978217N16129
77,0.8311688311688312,0.3116883116883117,1.0,0.0,0.0,73.0,1.0,0.0,0.0,1978.0,1978262N14135
25,1.0,0.0,1.0,0.0,0.0,21.0,1.0,0.0,0.0,1978.0,1978298N13090
81,1.0,0.14814814814814814,1.0,0.0,0.0,77.0,1.0,0.0,0.0,1978.0,1978307N10082
81,1.0,0.2222222222222222,1.0,0.0,0.0,77.0,1.0,0.0,0.0,1978.0,1978323N08092
65,1.0,0.06153846153846154,1.0,0.0,0.0,61.0,1.0,0.0,0.0,1979.0,1979126N07090
137,0.8467153284671532,0.10218978102189781,1.0,0.0,0.0,133.0,1.0,0.0,0.0,1979.0,1979205N10148
73,1.0,0.2191780821917808,1.0,0.0,0.0,69.0,1.0,0.0,0.0,1979.0,1979259N11078
17,1.0,0.0,1.0,0.0,0.0,13.0,1.0,0.0,0.0,1979.0,1979264N10087
45,1.0,0.35555555555555557,1.0,0.0,0.0,41.0,1.0,0.0,0.0,1979.0,1979300N06095
21,1.0,0.0,1.0,0.0,0.0,17.0,1.0,0.0,0.0,1979.0,1979327N08088
79,1.0,0.0,1.0,0.0,0.0,75.0,1.0,0.0,0.0,1980.0,1980284N09092
25,1.0,1.0,1.0,0.0,0.0,21.0,1.0,0.0,0.0,1980.0,1980290N10088
37,1.0,1.0,1.0,0.0,0.0,33.0,1.0,0.0,0.0,1980.0,1980338N09085
99,1.0,0.43434343434343436,1.0,0.0,0.0,19.0,1.0,0.3508771929824561,0.3333333333333333,1980.0,1980345N09092
51,0.9215686274509803,0.27450980392156865,1.0,0.0,0.0,47.0,1.0,0.0,0.0,1981.0,1981283N07132
81,1.0,0.037037037037037035,1.0,0.0,0.0,16.0,1.0,0.3404255319148936,0.3191489361702128,1981.0,1981298N07083
39,1.0,0.07692307692307693,1.0,0.0,0.0,7.0,1.0,0.3333333333333333,0.3333333333333333,1981.0,1981321N13092
59,1.0,0.05084745762711865,1.0,0.0,0.0,11.0,1.0,0.3333333333333333,0.3333333333333333,1981.0,1981339N11089
56,0.6428571428571429,0.05357142857142857,0.26785714285714285,0.0,0.0,11.0,0.21875,0.34375,0.3125,1982.0,1982120N11083
61,0.5901639344262295,0.16393442622950818,0.22950819672131148,0.0,0.0,13.0,0.2571428571428571,0.34285714285714286,0.3142857142857143,1982.0,1982150N13087
9,0.6666666666666666,1.0,0.4444444444444444,0.0,0.0,5.0,0.4,0.0,0.0,1982.0,1982168N23090
16,0.5,1.0,0.0,0.0,0.0,12.0,0.0,0.0,0.0,1982.0,1982199N18088
17,0.7058823529411765,1.0,0.47058823529411764,0.0,0.0,13.0,0.46153846153846156,0.0,0.0,1982.0,1982214N23090
6,0.5,1.0,0.0,0.0,0.0,2.0,0.0,0.0,0.0,1982.0,1982224N20089
12,0.6666666666666666,1.0,0.3333333333333333,0.0,0.0,8.0,0.5,0.0,0.0,1982.0,1982230N21088
52,0.7307692307692307,1.0,0.46153846153846156,0.0,0.0,48.0,0.5,0.0,0.0,1982.0,1982239N19089
9,0.6666666666666666,1.0,0.4444444444444444,0.0,0.0,5.0,0.4,0.0,0.0,1982.0,1982252N18089
33,0.7878787878787878,0.030303030303030304,0.48484848484848486,0.0,0.030303030303030304,5.0,0.4375,0.375,0.375,1982.0,1982287N13091
46,0.6956521739130435,0.6086956521739131,0.34782608695652173,0.0,0.0,22.0,0.4375,0.15625,0.15625,1982.0,1982290N09084
9,0.6666666666666666,1.0,0.4444444444444444,0.0,0.0,5.0,0.4,0.0,0.0,1982.0,1982332N07088
13,0.6923076923076923,1.0,0.3076923076923077,0.0,1.0,9.0,0.4444444444444444,0.0,0.0,1982.0,1982337N08084
28,0.6428571428571429,1.0,0.14285714285714285,0.0,0.0,24.0,0.16666666666666666,0.0,0.0,1983.0,1983175N18087
55,0.6,0.7636363636363637,0.14545454545454545,0.0,0.0,51.0,0.1568627450980392,0.0,0.0,1983.0,1983216N23088
13,0.3076923076923077,1.0,0.0,0.0,0.0,9.0,0.0,0.0,0.0,1983.0,1983252N25083
25,1.0,0.0,1.0,0.0,0.0,21.0,1.0,0.0,0.0,1983.0,1983274N18089
69,0.8840579710144928,0.6956521739130435,1.0,0.0,0.0,65.0,1.0,0.0,0.0,1983.0,1983276N06130
95,0.968421052631579,0.4842105263157895,1.0,0.0,0.021052631578947368,91.0,1.0,0.0,0.0,1983.0,1983282N09155
12,0.6666666666666666,1.0,0.3333333333333333,0.0,0.0,8.0,0.5,0.0,0.0,1983.0,1983287N19091
37,0.8108108108108109,0.0,0.6486486486486487,0.0,0.0,33.0,0.6060606060606061,0.0,0.0,1983.0,1983309N10091
9,0.6666666666666666,1.0,0.4444444444444444,0.0,0.0,5.0,0.8,0.0,0.0,1983.0,1983356N08081
83,0.6987951807228916,0.24096385542168675,1.0,0.0,0.0,79.0,1.0,0.0,0.0,1984.0,1984169N20137
62,0.7096774193548387,1.0,0.3870967741935484,0.0,0.0,58.0,0.41379310344827586,0.0,0.0,1984.0,1984213N20089
37,0.7027027027027027,1.0,0.43243243243243246,0.0,0.0,33.0,0.48484848484848486,0.0,0.0,1984.0,1984228N20091
41,0.8292682926829268,0.1951219512195122,0.6829268292682927,0.0,0.0,37.0,0.7297297297297297,0.0,0.0,1984.0,1984285N17089
51,0.7254901960784313,0.0,0.43137254901960786,0.0,0.0392156862745098,47.0,0.3829787234042553,0.0,0.0,1984.0,1984314N09088
89,0.8089887640449438,0.0,0.6966292134831461,0.0,0.0,85.0,0.6823529411764706,0.0,0.0,1984.0,1984332N08086
35,0.6,0.34285714285714286,0.2857142857142857,0.0,0.0,22.0,0.4,0.08,0.04,1985.0,1985142N16089
8,0.5,1.0,0.0,0.0,0.0,4.0,0.0,0.0,0.0,1985.0,1985213N20088
25,0.68,1.0,0.48,0.0,0.0,21.0,0.47619047619047616,0.0,0.0,1985.0,1985218N21088
8,0.5,1.0,0.0,0.0,0.0,4.0,0.0,0.0,0.0,1985.0,1985226N19088
20,0.45,1.0,0.0,0.0,0.0,16.0,0.0,0.0,0.0,1985.0,1985262N18090
12,0.6666666666666666,1.0,0.3333333333333333,0.0,0.0,8.0,0.5,0.0,0.0,1985.0,1985266N25077
9,0.6666666666666666,1.0,0.4444444444444444,0.0,0.0,5.0,0.4,0.0,0.0,1985.0,1985274N14084
77,0.7922077922077922,0.5454545454545454,1.0,0.0,0.0,73.0,1.0,0.0,0.0,1985.0,1985281N02144
39,0.7692307692307693,0.46153846153846156,0.6153846153846154,0.0,0.0,35.0,0.6,0.0,0.0,1985.0,1985282N12090
93,0.6451612903225806,0.12903225806451613,1.0,0.0,0.0,89.0,1.0,0.0,0.0,1985.0,1985284N05159
30,0.7333333333333333,0.5666666666666667,0.5,0.0,0.0,26.0,0.5,0.0,0.0,1985.0,1985287N13093
40,0.85,0.0,0.65,0.0,0.0,32.0,0.6470588235294118,0.029411764705882353,0.029411764705882353,1985.0,1985317N12082
41,0.8536585365853658,0.0,0.7560975609756098,0.0,0.0,37.0,0.7297297297297297,0.0,0.0,1985.0,1985343N04090
43,0.9302325581395349,0.23255813953488372,0.8837209302325582,0.0,0.046511627906976744,39.0,0.8717948717948718,0.0,0.0,1986.0,1986006N03087
14,0.7142857142857143,1.0,0.5714285714285714,0.0,0.0,10.0,0.6,0.0,0.0,1986.0,1986223N18088
177,0.5988700564971752,0.04519774011299435,1.0,0.0,0.0,173.0,1.0,0.0,0.0,1986.0,1986228N19120
9,0.7777777777777778,1.0,0.7777777777777778,0.0,0.0,5.0,1.0,0.0,0.0,1986.0,1986267N21088
45,0.8888888888888888,0.8888888888888888,0.8,0.0,0.06666666666666667,41.0,0.7804878048780488,0.0,0.0,1986.0,1986308N11090
44,0.5,0.06818181818181818,0.0,0.0,0.0,40.0,0.0,0.0,0.0,1987.0,1987030N06089
49,0.7346938775510204,0.0,0.5510204081632653,0.0,0.0,45.0,0.5555555555555556,0.0,0.0,1987.0,1987150N13095
85,0.6235294117647059,0.023529411764705882,1.0,0.0,0.0,81.0,1.0,0.0,0.0,1987.0,1987219N08134
141,0.75177304964539,0.0,1.0,0.0,0.0,137.0,1.0,0.0,0.0,1987.0,1987219N08155
28,0.7142857142857143,1.0,0.42857142857142855,0.0,0.0,24.0,0.5,0.0,0.0,1987.0,1987238N24090
9,0.6666666666666666,1.0,0.4444444444444444,0.0,0.0,5.0,0.8,0.0,0.0,1987.0,1987255N23086
12,0.6666666666666666,1.0,0.3333333333333333,0.0,0.0,8.0,0.5,0.0,0.0,1987.0,1987258N23082
45,0.7111111111111111,0.5333333333333333,0.37777777777777777,0.0,0.0,41.0,0.3902439024390244,0.0,0.0,1987.0,1987287N12089
37,0.5405405405405406,0.05405405405405406,0.24324324324324326,0.0,0.0,33.0,0.24242424242424243,0.0,0.0,1987.0,1987303N06088
45,0.7555555555555555,0.0,0.6222222222222222,0.0,0.0,41.0,0.6097560975609756,0.0,0.0,1987.0,1987312N09095
89,1.0,0.0,1.0,0.0,0.0,85.0,1.0,0.0,0.0,1987.0,1987336N10085
51,0.6862745098039216,0.0,0.47058823529411764,0.0,0.0,47.0,0.425531914893617,0.0,0.0,1987.0,1987351N09086
19,0.8947368421052632,0.10526315789473684,0.8947368421052632,0.0,0.0,15.0,0.9333333333333333,0.0,0.0,1988.0,1988291N15095
37,1.0,0.0,1.0,0.0,0.0,33.0,1.0,0.0,0.0,1988.0,1988319N08090
25,0.8,1.0,0.64,0.0,0.0,21.0,0.6666666666666666,0.0,0.0,1988.0,1988320N10087
68,0.8088235294117647,0.0,0.7352941176470589,0.0,0.0,62.0,0.7258064516129032,0.0,0.0,1988.0,1988327N06100
21,0.7619047619047619,0.0,0.5714285714285714,0.0,0.0,17.0,0.5294117647058824,0.0,0.0,1988.0,1988341N08090
35,0.9428571428571428,0.0,0.9428571428571428,0.0,0.0,31.0,0.967741935483871,0.0,0.0,1989.0,1989143N17090
17,0.8235294117647058,1.0,0.7058823529411765,0.0,0.0,13.0,0.7692307692307693,0.0,0.0,1989.0,1989163N20088
28,0.75,1.0,0.5357142857142857,0.0,0.0,24.0,0.625,0.0,0.0,1989.0,1989203N18086
12,0.6666666666666666,1.0,0.3333333333333333,0.0,0.0,8.0,0.5,0.0,0.0,1989.0,1989228N17086
9,0.6666666666666666,1.0,0.4444444444444444,0.0,0.0,5.0,0.4,0.0,0.0,1989.0,1989290N18090
79,0.8227848101265823,0.05063291139240506,0.759493670886076,0.0,0.0,75.0,0.7466666666666667,0.0,0.0,1989.0,1989305N07105
30,0.7333333333333333,1.0,0.5333333333333333,0.0,0.0,26.0,0.5384615384615384,0.0,0.0,1989.0,1989321N11085
9,1.0,0.0,1.0,0.0,1.0,5.0,1.0,0.0,0.0,1990.0,1990108N09087
63,0.5714285714285714,0.0,0.15873015873015872,0.0,1.0,59.0,0.1016949152542373,0.0,0.0,1990.0,1990124N09088
19,0.47368421052631576,1.0,0.0,0.0,1.0,15.0,0.0,0.0,0.0,1990.0,1990164N21089
25,0.48,1.0,0.0,0.0,1.0,21.0,0.0,0.0,0.0,1990.0,1990226N19088
39,0.48717948717948717,1.0,0.0,0.0,1.0,35.0,0.0,0.0,0.0,1990.0,1990232N22089
17,0.47058823529411764,1.0,0.0,0.0,1.0,13.0,0.0,0.0,0.0,1990.0,1990246N23089
51,0.9215686274509803,0.0,1.0,0.0,0.6666666666666666,47.0,1.0,0.0,0.0,1990.0,1990272N11121
19,0.47368421052631576,1.0,0.0,0.0,1.0,15.0,0.0,0.0,0.0,1990.0,1990280N18091
39,0.5384615384615384,0.10256410256410256,0.10256410256410256,0.0,1.0,35.0,0.08571428571428572,0.0,0.0,1990.0,1990304N08092
9,0.4444444444444444,1.0,0.0,0.0,1.0,5.0,0.0,0.0,0.0,1990.0,1990318N14082
43,0.5581395348837209,0.0,0.13953488372093023,0.0,1.0,39.0,0.05128205128205128,0.0,0.0,1990.0,1990348N04087
45,1.0,0.0,1.0,0.0,1.0,41.0,1.0,0.0,0.0,1991.0,1991015N02087
65,0.6307692307692307,0.0,0.27692307692307694,0.0,1.0,61.0,0.22950819672131148,0.0,0.0,1991.0,1991113N10091
33,0.696969696969697,0.0,0.42424242424242425,0.0,1.0,29.0,0.3448275862068966,0.0,0.0,1991.0,1991150N14091
41,0.5121951219512195,1.0,0.04878048780487805,0.0,1.0,37.0,0.02702702702702703,0.0,0.0,1991.0,1991208N20090
41,0.5121951219512195,1.0,0.04878048780487805,0.0,1.0,37.0,0.02702702702702703,0.0,0.0,1991.0,1991234N20089
15,0.5333333333333333,1.0,0.13333333333333333,0.0,1.0,11.0,0.09090909090909091,0.0,0.0,1991.0,1991264N15084
19,0.5789473684210527,1.0,0.21052631578947367,0.0,1.0,15.0,0.2,0.0,0.0,1991.0,1991285N15090
23,0.5217391304347826,1.0,0.08695652173913043,0.0,1.0,19.0,0.05263157894736842,0.0,0.0,1991.0,1991301N10083
59,0.6949152542372882,0.0,0.4067796610169492,0.0,1.0,55.0,0.36363636363636365,0.0,0.0,1991.0,1991313N10095
41,0.6585365853658537,0.0,0.34146341463414637,0.0,1.0,37.0,0.2702702702702703,0.0,0.0,1992.0,1992136N10090
33,1.0,0.0,1.0,0.0,1.0,29.0,1.0,0.0,0.0,1992.0,1992167N12088
73,0.7808219178082192,0.0821917808219178,1.0,0.0,0.2465753424657534,69.0,1.0,0.0,0.0,1992.0,1992188N07156
71,0.8591549295774648,0.08450704225352113,1.0,0.0,0.14084507042253522,67.0,1.0,0.0,0.0,1992.0,1992198N13135
27,1.0,0.0,1.0,0.0,1.0,23.0,1.0,0.0,0.0,1992.0,1992207N18090
33,1.0,0.0,1.0,0.0,1.0,29.0,1.0,0.0,0.0,1992.0,1992265N18099
41,1.0,0.0,1.0,0.0,1.0,37.0,1.0,0.0,0.0,1992.0,1992279N10097
69,0.8985507246376812,0.028985507246376812,0.8115942028985508,0.0,1.0,65.0,0.8153846153846154,0.0,0.0,1992.0,1992288N10089
61,0.7377049180327869,0.0,0.4918032786885246,0.0,1.0,57.0,0.45614035087719296,0.0,0.0,1992.0,1992306N12093
95,0.7368421052631579,0.0,0.4842105263157895,0.0,1.0,91.0,0.46153846153846156,0.0,0.0,1992.0,1992311N06107
109,0.6972477064220184,0.0,0.5871559633027523,0.0,0.3119266055045872,105.0,0.580952380952381,0.0,0.0,1992.0,1992314N08141
37,1.0,0.0,1.0,0.0,1.0,33.0,1.0,0.0,0.0,1992.0,1992335N03077
17,0.4117647058823529,1.0,0.058823529411764705,0.0,1.0,13.0,0.0,0.0,0.0,1993.0,1993312N06079
71,0.7323943661971831,0.0,0.5774647887323944,0.0,1.0,67.0,0.5522388059701493,0.0,0.0,1993.0,1993331N07108
119,0.7226890756302521,0.0,1.0,0.0,0.11764705882352941,115.0,1.0,0.0,0.0,1993.0,1993336N05164
13,0.23076923076923078,1.0,0.0,0.0,1.0,9.0,0.0,0.0,0.0,1993.0,1993353N09084
55,1.0,0.0,1.0,0.0,1.0,51.0,1.0,0.0,0.0,1994.0,1994078N06096
56,0.6607142857142857,0.0,0.48214285714285715,0.0,1.0,48.0,0.42,0.02,0.02,1994.0,1994117N07096
59,0.864406779661017,0.3728813559322034,1.0,0.0,0.0,55.0,1.0,0.0,0.0,1994.0,1994206N22107
27,0.5185185185185185,0.0,0.25925925925925924,0.0,1.0,23.0,0.17391304347826086,0.0,0.0,1994.0,1994302N11086
8,0.375,1.0,0.375,0.0,1.0,4.0,0.0,0.0,0.0,1995.0,1995126N11081
17,0.5294117647058824,1.0,0.4117647058823529,0.0,1.0,13.0,0.3076923076923077,0.0,0.0,1995.0,1995128N15082
27,0.7037037037037037,1.0,0.5555555555555556,0.0,1.0,23.0,0.5217391304347826,0.0,0.0,1995.0,1995135N20087
79,0.7848101265822784,0.0,1.0,0.0,0.3291139240506329,75.0,1.0,0.0,0.0,1995.0,1995233N16115
65,0.9230769230769231,0.0,0.8769230769230769,0.0,1.0,61.0,0.8688524590163934,0.0,0.0,1995.0,1995255N14104
17,0.9411764705882353,1.0,0.9411764705882353,0.0,1.0,13.0,1.0,0.0,0.0,1995.0,1995269N21088
75,0.92,0.0,1.0,0.0,0.5333333333333333,71.0,1.0,0.0,0.0,1995.0,1995292N08150
43,0.7441860465116279,0.0,0.6046511627906976,0.0,1.0,39.0,0.5641025641025641,0.0,0.0,1995.0,1995310N09096
57,0.6491228070175439,0.0,0.45614035087719296,0.0,1.0,53.0,0.41509433962264153,0.0,0.0,1995.0,1995323N05097
61,0.9180327868852459,0.0,0.8688524590163934,0.0,0.8688524590163934,57.0,0.8596491228070176,0.0,0.0,1996.0,1996122N08092
63,0.6984126984126984,0.0,0.5238095238095238,0.0,0.5079365079365079,59.0,0.4915254237288136,0.0,0.0,1996.0,1996163N08088
85,0.8823529411764706,0.0,0.8352941176470589,0.0,0.7176470588235294,81.0,0.8271604938271605,0.0,0.0,1996.0,1996167N16072
17,1.0,1.0,1.0,0.0,0.0,13.0,1.0,0.0,0.0,1996.0,1996208N24084
10,0.6,1.0,0.4,0.0,0.0,6.0,0.16666666666666666,0.0,0.0,1996.0,1996275N15082
155,0.8193548387096774,0.0,0.7290322580645161,0.0,0.7290322580645161,151.0,0.7218543046357616,0.0,0.0,1996.0,1996288N09092
61,0.8524590163934426,0.0,0.7704918032786885,0.0,0.7377049180327869,57.0,0.7543859649122807,0.0,0.0,1996.0,1996296N09093
59,1.0,0.0,1.0,0.0,1.0,55.0,1.0,0.0,0.0,1996.0,1996299N11121
56,0.7321428571428571,0.0,0.6607142857142857,0.0,0.6428571428571429,48.0,0.66,0.02,0.02,1996.0,1996306N15097
95,0.7894736842105263,0.0,1.0,0.0,0.23157894736842105,91.0,1.0,0.0,0.0,1996.0,1996312N14125
89,0.5168539325842697,0.0,0.23595505617977527,0.0,0.34831460674157305,85.0,0.2,0.0,0.0,1996.0,1996332N09092
59,0.5423728813559322,0.0,0.4067796610169492,0.0,0.6101694915254238,55.0,0.36363636363636365,0.0,0.0,1997.0,1997133N03092
30,0.8333333333333334,1.0,0.7333333333333333,0.0,0.0,26.0,0.7307692307692307,0.0,0.0,1997.0,1997177N21090
34,0.7941176470588235,1.0,0.7058823529411765,0.0,0.0,30.0,0.7,0.0,0.0,1997.0,1997210N21089
29,0.7931034482758621,1.0,0.7241379310344828,0.0,0.0,25.0,0.72,0.0,0.0,1997.0,1997216N20091
58,0.9655172413793104,1.0,0.9655172413793104,0.0,0.0,54.0,0.9814814814814815,0.0,0.0,1997.0,1997232N20088
18,0.8888888888888888,1.0,0.8888888888888888,0.0,0.0,14.0,0.9285714285714286,0.0,0.0,1997.0,1997240N20087
65,0.6461538461538462,0.0,0.5384615384615384,0.0,0.4461538461538462,61.0,0.5081967213114754,0.0,0.0,1997.0,1997263N14084
125,0.656,0.0,0.656,0.0,0.424,121.0,0.6611570247933884,0.0,0.0,1997.0,1997298N06140
93,0.8387096774193549,0.0,0.7634408602150538,0.0,0.7634408602150538,89.0,0.7528089887640449,0.0,0.0,1997.0,1997307N08082
63,0.7777777777777778,0.0,0.6666666666666666,0.0,0.6031746031746031,59.0,0.6440677966101694,0.0,0.0,1998.0,1998133N04086
13,0.5384615384615384,1.0,0.38461538461538464,0.0,0.07692307692307693,9.0,0.2222222222222222,0.0,0.0,1998.0,1998165N18088
13,0.5384615384615384,1.0,0.3076923076923077,0.0,0.0,9.0,0.1111111111111111,0.0,0.0,1998.0,1998287N16083
25,0.32,1.0,0.0,0.0,0.0,21.0,0.0,0.0,0.0,1998.0,1998299N11090
27,0.6296296296296297,0.07407407407407407,0.5555555555555556,0.0,0.14814814814814814,23.0,0.4782608695652174,0.0,0.0,1998.0,1998317N11087
58,0.6551724137931034,0.017241379310344827,0.5517241379310345,0.0,0.43103448275862066,54.0,0.5185185185185185,0.0,0.0,1998.0,1998320N10102
37,0.8378378378378378,0.0,1.0,0.0,0.2702702702702703,33.0,1.0,0.0,0.0,1998.0,1998343N08114
43,0.6976744186046512,0.0,0.5813953488372093,0.0,0.4883720930232558,39.0,0.5384615384615384,0.0,0.0,1999.0,1999031N08092
29,1.0,0.0,1.0,0.0,1.0,25.0,1.0,0.0,0.0,1999.0,1999159N18091
11,0.6363636363636364,1.0,0.45454545454545453,0.0,0.0,7.0,0.2857142857142857,0.0,0.0,1999.0,1999168N19086
18,0.7222222222222222,1.0,0.5555555555555556,0.0,0.0,14.0,0.5,0.0,0.0,1999.0,1999208N21089
21,0.47619047619047616,1.0,0.0,0.0,0.0,17.0,0.0,0.0,0.0,1999.0,1999219N21089
34,0.4117647058823529,0.14705882352941177,0.35294117647058826,0.0,0.029411764705882353,30.0,0.26666666666666666,0.0,0.0,1999.0,1999288N15093
75,0.5866666666666667,0.0,0.56,0.0,0.36,71.0,0.5352112676056338,0.0,0.0,1999.0,1999298N12099
47,1.0,0.0,1.0,0.0,1.0,43.0,1.0,0.0,0.0,1999.0,1999334N11118
19,0.15789473684210525,1.0,0.0,0.0,0.0,12.0,0.0,0.07692307692307693,0.0,1999.0,1999342N10089
25,0.28,1.0,0.0,0.0,0.0,21.0,0.0,0.0,0.0,2000.0,2000088N08090
8,0.375,1.0,0.0,0.0,0.0,4.0,0.0,0.0,0.0,2000.0,2000236N17084
37,0.32432432432432434,0.10810810810810811,0.05405405405405406,0.0,0.0,33.0,0.030303030303030304,0.0,0.0,2000.0,2000289N15089
30,0.3333333333333333,0.3,0.0,0.0,0.0,26.0,0.0,0.0,0.0,2000.0,2000299N13093
80,0.625,0.0125,0.575,0.0,0.0,76.0,0.5657894736842105,0.0,0.0,2000.0,2000331N09092
48,0.2916666666666667,0.10416666666666667,0.08333333333333333,0.0,0.0,44.0,0.022727272727272728,0.0,0.0,2000.0,2000358N08086
12,0.6666666666666666,1.0,0.4166666666666667,0.0,0.0,8.0,0.5,0.0,0.0,2001.0,2001163N20087
19,0.15789473684210525,1.0,0.0,0.0,0.0,15.0,0.0,0.0,0.0,2001.0,2001288N13084
27,0.8148148148148148,0.0,0.7037037037037037,0.0,0.0,23.0,0.6956521739130435,0.0,0.0,2001.0,2001313N12084
47,0.9361702127659575,0.0,1.0,0.0,0.0,43.0,1.0,0.0,0.0,2001.0,2001361N01106
27,0.7777777777777778,0.0,0.6666666666666666,0.0,0.0,23.0,0.6086956521739131,0.0,0.0,2002.0,2002129N08096
12,0.4166666666666667,1.0,0.0,0.0,0.0,8.0,0.0,0.0,0.0,2002.0,2002295N14082
24,0.375,0.041666666666666664,0.25,0.0,0.0,20.0,0.1,0.0,0.0,2002.0,2002314N12083
47,0.23404255319148937,0.5106382978723404,0.06382978723404255,0.0,0.0,43.0,0.046511627906976744,0.0,0.0,2002.0,2002327N10089
38,0.2894736842105263,0.02631578947368421,0.02631578947368421,0.0,0.0,34.0,0.0,0.0,0.0,2002.0,2002355N04077
92,0.15217391304347827,0.010869565217391304,0.15217391304347827,0.0,0.0,88.0,0.13636363636363635,0.0,0.0,2003.0,2003129N05091
25,0.72,1.0,0.48,0.0,0.0,21.0,0.47619047619047616,0.0,0.0,2003.0,2003206N21089
9,0.6666666666666666,1.0,0.4444444444444444,0.0,0.0,5.0,0.8,0.0,0.0,2003.0,2003240N21089
28,0.6785714285714286,1.0,0.42857142857142855,0.0,0.0,24.0,0.5,0.0,0.0,2003.0,2003279N17084
57,0.9122807017543859,0.0,0.8596491228070176,0.0,0.0,53.0,0.8490566037735849,0.0,0.0,2003.0,2003295N09101
43,0.46511627906976744,0.046511627906976744,0.37209302325581395,0.0,0.0,39.0,0.3076923076923077,0.0,0.0,2003.0,2003345N05092
41,0.4634146341463415,0.0,0.43902439024390244,0.0,0.0,37.0,0.3783783783783784,0.0,0.0,2004.0,2004136N15090
27,0.18518518518518517,1.0,0.14814814814814814,0.0,0.0,23.0,0.17391304347826086,0.0,0.0,2004.0,2004163N15090
28,0.7142857142857143,1.0,0.42857142857142855,0.0,0.0,24.0,0.5,0.0,0.0,2004.0,2004256N23089
17,0.0,1.0,0.0,0.0,0.0,13.0,0.0,0.0,0.0,2004.0,2004276N12087
9,0.6666666666666666,1.0,0.4444444444444444,0.0,0.0,5.0,0.4,0.0,0.0,2004.0,2004281N23087
99,0.5656565656565656,0.0,1.0,0.0,0.0,95.0,1.0,0.0,0.0,2004.0,2004319N10134
29,1.0,0.0,1.0,0.0,0.0,25.0,1.0,0.0,0.0,2005.0,2005007N04085
47,0.5106382978723404,0.0425531914893617,0.46808510638297873,0.0,0.0,43.0,0.4883720930232558,0.0,0.0,2005.0,2005012N04090
65,0.7384615384615385,1.0,0.49230769230769234,0.0,0.0,61.0,0.5245901639344263,0.0,0.0,2005.0,2005179N22088
20,0.7,1.0,0.4,0.0,0.0,16.0,0.5,0.0,0.0,2005.0,2005210N21088
36,0.7222222222222222,1.0,0.4444444444444444,0.0,0.0,32.0,0.5,0.0,0.0,2005.0,2005255N20088
39,0.7692307692307693,0.10256410256410256,1.0,0.0,0.0,35.0,1.0,0.0,0.0,2005.0,2005257N15120
36,0.3333333333333333,1.0,0.2222222222222222,0.0,0.0,32.0,0.25,0.0,0.0,2005.0,2005260N20091
73,0.6301369863013698,0.1643835616438356,1.0,0.0,0.0,69.0,1.0,0.0,0.0,2005.0,2005262N13127
17,1.0,0.0,1.0,0.0,0.0,13.0,1.0,0.0,0.0,2005.0,2005274N17086
34,0.38235294117647056,0.029411764705882353,0.38235294117647056,0.0,0.0,30.0,0.3333333333333333,0.0,0.0,2005.0,2005298N12088
19,0.0,1.0,0.0,0.0,0.0,15.0,0.0,0.0,0.0,2005.0,2005324N08085
63,0.47619047619047616,0.0,0.47619047619047616,0.0,0.0,59.0,0.4406779661016949,0.0,0.0,2005.0,2005330N09096
69,0.5362318840579711,0.0,0.5362318840579711,0.0,0.0,65.0,0.5076923076923077,0.0,0.0,2005.0,2005338N09093
75,0.29333333333333333,0.0,0.29333333333333333,0.0,0.0,71.0,0.2535211267605634,0.0,0.0,2005.0,2005349N06090
59,0.847457627118644,0.0,0.7966101694915254,0.0,0.0,55.0,0.7818181818181819,0.0,0.0,2006.0,2006012N03081
45,0.24444444444444444,0.044444444444444446,0.24444444444444444,0.0,0.0,41.0,0.17073170731707318,0.0,0.0,2006.0,2006114N08090
37,0.2702702702702703,0.3783783783783784,0.2702702702702703,0.0,0.02702702702702703,33.0,0.2727272727272727,0.0,0.0,2006.0,2006182N20088
27,0.037037037037037035,1.0,0.0,0.0,0.0,23.0,0.0,0.0,0.0,2006.0,2006214N20088
8,0.0,1.0,0.0,0.0,0.0,4.0,0.0,0.0,0.0,2006.0,2006224N21088
19,0.0,1.0,0.0,0.0,0.0,15.0,0.0,0.0,0.0,2006.0,2006228N21088
26,0.0,1.0,0.0,0.0,0.0,22.0,0.0,0.0,0.0,2006.0,2006241N20088
12,0.0,1.0,0.0,0.0,0.0,8.0,0.0,0.0,0.0,2006.0,2006247N21089
24,0.0,1.0,0.0,0.0,0.0,20.0,0.0,0.0,0.0,2006.0,2006264N23087
17,0.17647058823529413,0.0,0.17647058823529413,0.0,0.0,13.0,0.15384615384615385,0.0,0.0,2006.0,2006271N18089
27,0.5555555555555556,0.0,0.5555555555555556,0.0,0.0,23.0,0.5652173913043478,0.0,0.0,2006.0,2006300N07078
123,0.7154471544715447,0.0,1.0,0.0,0.0,119.0,1.0,0.0,0.0,2006.0,2006329N06150
18,0.16666666666666666,0.05555555555555555,0.16666666666666666,0.0,0.0,14.0,0.0,0.0,0.0,2007.0,2007133N15091
55,0.8545454545454545,0.0,0.8545454545454545,0.0,0.0,51.0,0.8431372549019608,0.0,0.0,2007.0,2007172N15088
27,1.0,0.0,1.0,0.0,0.0,23.0,1.0,0.0,0.0,2007.0,2007178N18089
48,0.2708333333333333,0.020833333333333332,0.2708333333333333,0.0,0.020833333333333332,44.0,0.20454545454545456,0.0,0.0,2007.0,2007314N10093
69,0.2608695652173913,0.0,0.2608695652173913,0.0,0.0,65.0,0.2153846153846154,0.0,0.0,2008.0,2008117N11090
17,0.5882352941176471,1.0,0.47058823529411764,0.0,0.0,13.0,0.46153846153846156,0.0,0.0,2008.0,2008168N22090
8,0.625,1.0,0.5,0.0,0.0,4.0,1.0,0.0,0.0,2008.0,2008223N20086
34,0.47058823529411764,0.20588235294117646,0.29411764705882354,0.0,0.0,30.0,0.3,0.0,0.0,2008.0,2008259N20089
25,0.48,0.0,0.32,0.0,0.0,21.0,0.2857142857142857,0.0,0.0,2008.0,2008298N16085
37,0.4594594594594595,0.0,0.40540540540540543,0.0,0.0,33.0,0.3939393939393939,0.0,0.0,2008.0,2008317N11089
31,0.45161290322580644,0.0,0.41935483870967744,0.0,0.0,27.0,0.3333333333333333,0.0,0.0,2008.0,2008329N09082
55,0.6909090909090909,0.0,0.4909090909090909,0.0,0.0,51.0,0.45098039215686275,0.0,0.0,2008.0,2008338N06092
33,0.2727272727272727,0.0,0.18181818181818182,0.0,0.0,29.0,0.06896551724137931,0.0,0.0,2009.0,2009104N13088
29,0.2413793103448276,0.0,0.13793103448275862,0.0,0.0,25.0,0.12,0.0,0.0,2009.0,2009143N17089
10,0.3,1.0,0.0,0.0,0.0,6.0,0.0,0.0,0.0,2009.0,2009201N21089
30,0.5333333333333333,0.1,0.3333333333333333,0.0,0.0,26.0,0.34615384615384615,0.0,0.0,2009.0,2009247N19089
38,0.21052631578947367,0.13157894736842105,0.0,0.0,0.0,34.0,0.0,0.0,0.0,2009.0,2009344N06085
41,0.2682926829268293,0.0,0.1951219512195122,0.0,0.0,37.0,0.10810810810810811,0.0,0.0,2010.0,2010137N10090
14,0.35714285714285715,1.0,0.0,0.0,0.0,10.0,0.0,0.0,0.0,2010.0,2010280N17085
23,0.391304347826087,1.0,0.0,0.0,0.0,19.0,0.0,0.0,0.0,2010.0,2010286N18090
37,0.43243243243243246,0.0,0.3783783783783784,0.0,0.0,33.0,0.30303030303030304,0.0,0.0,2010.0,2010293N17093
60,0.5,0.016666666666666666,0.43333333333333335,0.0,0.0,56.0,0.44642857142857145,0.0,0.0,2010.0,2010305N06105
8,0.375,1.0,0.0,0.0,0.0,4.0,0.0,0.0,0.0,2010.0,2010341N14082
54,0.37037037037037035,1.0,0.0,0.0,0.0,50.0,0.0,0.0,0.0,2011.0,2011167N22089
8,0.25,1.0,0.0,0.0,0.0,4.0,0.0,0.0,0.0,2011.0,2011203N24085
10,0.3,1.0,0.0,0.0,0.0,6.0,0.0,0.0,0.0,2011.0,2011265N21088
25,0.76,0.08,0.64,0.0,0.0,21.0,0.7142857142857143,0.0,0.0,2011.0,2011290N15090
47,0.44680851063829785,0.0,0.1276595744680851,0.0,0.0,43.0,0.09302325581395349,0.0,0.0,2011.0,2011330N06078
41,0.12195121951219512,0.0,0.0,0.0,0.0,37.0,0.0,0.0,0.0,2011.0,2011360N09088
6,0.16666666666666666,1.0,0.0,0.0,0.0,2.0,0.0,0.0,0.0,2012.0,2012285N21091
45,0.37777777777777777,0.13333333333333333,0.17777777777777778,0.0,0.0,41.0,0.17073170731707318,0.0,0.0,2012.0,2012301N11087
59,0.7796610169491526,0.0,0.6779661016949152,0.0,0.0,55.0,0.6545454545454545,0.0,0.0,2012.0,2012321N14090
57,0.14035087719298245,0.03508771929824561,0.08771929824561403,0.0,0.0,53.0,0.07547169811320754,0.0,0.0,2013.0,2013130N04093
19,0.2631578947368421,1.0,0.0,0.0,0.10526315789473684,15.0,0.0,0.0,0.0,2013.0,2013149N21090
16,0.4375,1.0,0.0,0.0,0.0,12.0,0.0,0.0,0.0,2013.0,2013211N21088
25,0.4,1.0,0.0,0.0,0.0,21.0,0.0,0.0,0.0,2013.0,2013232N22088
55,0.2,0.10909090909090909,0.09090909090909091,0.0,0.0,51.0,0.0784313725490196,0.0,0.0,2013.0,2013281N12098
159,0.8679245283018868,0.0,0.8050314465408805,0.0,0.0,155.0,0.8,0.0,0.0,2013.0,2013305N07141
43,0.3488372093023256,0.0,0.27906976744186046,0.0,0.0,39.0,0.20512820512820512,0.0,0.0,2013.0,2013322N13090
75,0.48,0.0,0.4533333333333333,0.0,0.0,71.0,0.4225352112676056,0.0,0.0,2013.0,2013324N07103
63,0.23809523809523808,0.0,0.14285714285714285,0.0,0.0,59.0,0.13559322033898305,0.0,0.0,2013.0,2013339N09084
47,0.723404255319149,0.0,0.48936170212765956,0.0,0.0,43.0,0.4418604651162791,0.0,0.0,2014.0,2014003N08086
16,0.375,1.0,0.0,0.0,0.0,12.0,0.0,0.0,0.0,2014.0,2014141N16091
18,0.3333333333333333,1.0,0.0,0.0,0.0,14.0,0.0,0.0,0.0,2014.0,2014202N22087
29,0.3448275862068966,1.0,0.0,0.0,0.0,25.0,0.0,0.0,0.0,2014.0,2014216N21089
66,0.19696969696969696,0.10606060606060606,0.10606060606060606,0.0,0.0,62.0,0.0967741935483871,0.0,0.0,2014.0,2014279N11096
35,0.6,0.0,0.37142857142857144,0.0,0.0,31.0,0.2903225806451613,0.0,0.0,2014.0,2014309N13088
14,0.35714285714285715,1.0,0.0,0.0,0.0,10.0,0.0,0.0,0.0,2015.0,2015171N18086
19,0.0,1.0,0.0,0.0,0.0,15.0,0.0,0.0,0.0,2015.0,2015191N23085
60,0.3,0.6166666666666667,0.0,0.0,0.0,56.0,0.0,0.0,0.0,2015.0,2015207N22091
6,0.16666666666666666,1.0,0.0,0.0,0.0,2.0,0.0,0.0,0.0,2015.0,2015216N23081
24,0.0,1.0,0.0,0.0,0.0,20.0,0.0,0.0,0.0,2015.0,2015259N20084
17,0.35294117647058826,1.0,0.0,0.0,0.0,13.0,0.0,0.0,0.0,2015.0,2015312N11084
41,0.21951219512195122,0.0975609756097561,0.024390243902439025,0.0,0.0,37.0,0.0,0.0,0.0,2016.0,2016138N10081
28,0.35714285714285715,1.0,0.0,0.0,0.0,24.0,0.0,0.0,0.0,2016.0,2016222N22089
35,0.37142857142857144,1.0,0.0,0.0,0.0,31.0,0.0,0.0,0.0,2016.0,2016230N21089
67,0.3880597014925373,0.11940298507462686,0.1791044776119403,0.0,0.0,63.0,0.14285714285714285,0.0,0.0,2016.0,2016295N13089
30,0.3333333333333333,1.0,0.0,0.0,0.0,26.0,0.0,0.0,0.0,2016.0,2016308N13088
23,0.30434782608695654,0.0,0.08695652173913043,0.0,0.0,19.0,0.0,0.0,0.0,2016.0,2016335N07088
103,0.47572815533980584,0.0,0.3883495145631068,0.0,0.0,99.0,0.36363636363636365,0.0,0.0,2016.0,2016341N08092
25,0.36,0.0,0.32,0.0,0.0,21.0,0.3333333333333333,0.0,0.0,2017.0,2017104N08085
29,0.2413793103448276,0.0,0.20689655172413793,0.0,0.0,25.0,0.2,0.0,0.0,2017.0,2017147N14087
11,0.36363636363636365,1.0,0.0,0.0,0.0,7.0,0.0,0.0,0.0,2017.0,2017163N20090
9,0.3333333333333333,1.0,0.0,0.0,0.0,5.0,0.0,0.0,0.0,2017.0,2017199N19086
9,0.3333333333333333,1.0,0.0,0.0,0.0,5.0,0.0,0.0,0.0,2017.0,2017207N24085
45,0.6444444444444445,0.2222222222222222,1.0,0.0,0.0,41.0,1.0,0.0,0.0,2017.0,2017232N19130
11,0.2727272727272727,1.0,0.0,0.0,0.0,7.0,0.0,0.0,0.0,2017.0,2017282N22088
5,0.2,1.0,0.0,0.0,0.0,1.0,0.0,0.0,0.0,2017.0,2017292N17087
41,1.0,0.0,1.0,0.0,0.0,37.0,1.0,0.0,0.0,2017.0,2017307N07102
17,0.35294117647058826,1.0,0.0,0.0,0.0,13.0,0.0,0.0,0.0,2017.0,2017319N15083
57,0.08771929824561403,0.03508771929824561,0.05263157894736842,0.0,0.0,53.0,0.03773584905660377,0.0,0.0,2017.0,2017333N06082
34,0.5,0.5,0.23529411764705882,0.0,0.0,30.0,0.16666666666666666,0.0,0.0,2017.0,2017340N09089
18,0.7222222222222222,0.05555555555555555,0.5555555555555556,0.0,0.0,14.0,0.6428571428571429,0.0,0.0,2018.0,2018148N17090
5,0.4,1.0,0.0,0.0,0.0,1.0,0.0,0.0,0.0,2018.0,2018161N22092
16,0.3125,1.0,0.0,0.0,0.0,12.0,0.0,0.0,0.0,2018.0,2018202N21088
6,0.3333333333333333,1.0,0.0,0.0,0.0,2.0,0.0,0.0,0.0,2018.0,2018219N21088
16,0.375,1.0,0.0,0.0,0.0,12.0,0.0,0.0,0.0,2018.0,2018227N20086
10,0.3,1.0,0.0,0.0,0.0,6.0,0.0,0.0,0.0,2018.0,2018249N22088
22,0.22727272727272727,0.3181818181818182,0.0,0.0,0.0,18.0,0.0,0.0,0.0,2018.0,2018263N17089
40,0.15,0.125,0.025,0.0,0.0,36.0,0.0,0.0,0.0,2018.0,2018281N14088
76,0.17105263157894737,0.06578947368421052,0.0,0.0,0.0,72.0,0.0,0.0,0.0,2018.0,2018314N12093
39,0.1794871794871795,0.10256410256410256,0.0,0.0,0.0,35.0,0.0,0.0,0.0,2018.0,2018347N07089
67,0.47761194029850745,0.05970149253731343,0.5970149253731343,0.0,0.0,63.0,0.6190476190476191,0.0,0.0,2018.0,2018365N08115
71,0.1267605633802817,0.028169014084507043,0.08450704225352113,0.0,0.0,67.0,0.07462686567164178,0.0,0.0,2019.0,2019116N02090
26,0.34615384615384615,1.0,0.0,0.0,0.0,22.0,0.0,0.0,0.0,2019.0,2019218N21088
111,0.38738738738738737,0.0,0.38738738738738737,0.0,0.0,107.0,0.3644859813084112,0.0,0.0,2019.0,2019301N05081
109,0.5688073394495413,0.0,0.5504587155963303,0.0,0.0,105.0,0.5619047619047619,0.0,0.0,2019.0,2019302N11118
51,0.13725490196078433,0.0392156862745098,0.11764705882352941,0.0,0.0,47.0,0.10638297872340426,0.0,0.0,2020.0,2020136N10088
27,0.3333333333333333,1.0,0.0,0.0,0.0,23.0,0.0,0.0,0.0,2020.0,2020285N15087
14,0.2857142857142857,1.0,0.0,0.0,0.0,10.0,0.0,0.0,0.0,2020.0,2020296N19087
43,0.3488372093023256,0.0,0.2558139534883721,0.0,0.0,39.0,0.1794871794871795,0.0,0.0,2020.0,2020327N08086
47,0.2553191489361702,0.0,0.10638297872340426,0.0,0.0,43.0,0.06976744186046512,0.0,0.0,2020.0,2020335N06090
65,0.8615384615384616,0.0,1.0,0.0,0.0,61.0,1.0,0.0,0.0,2020.0,2020353N06129
10,0.3,1.0,0.0,0.0,0.0,6.0,0.0,0.0,0.0,2021.0,2021092N11096
39,0.20512820512820512,0.10256410256410256,0.05128205128205128,0.0,0.0,35.0,0.02857142857142857,0.0,0.0,2021.0,2021143N15090
19,0.3684210526315789,1.0,0.0,0.0,0.0,15.0,0.0,0.0,0.0,2021.0,2021256N20087
41,0.9512195121951219,0.2926829268292683,1.0,0.0,0.0,37.0,1.0,0.0,0.0,2021.0,2021264N13119
85,0.3411764705882353,0.0,0.23529411764705882,0.0,0.0,81.0,0.2345679012345679,0.0,0.0,2021.0,2021267N18094
29,0.7586206896551724,0.0,0.6206896551724138,0.0,0.0,25.0,0.68,0.0,0.0,2021.0,2021312N07090
9,0.3333333333333333,1.0,0.0,0.0,0.0,5.0,0.0,0.0,0.0,2021.0,2021322N11082
45,0.5111111111111111,0.0,0.4,0.0,0.0,41.0,0.34146341463414637,0.0,0.0,2021.0,2021335N08096
31,0.4838709677419355,0.0,0.1935483870967742,0.0,0.0,27.0,0.1111111111111111,0.0,0.0,2022.0,2022062N06085
25,0.32,1.0,0.0,0.0,0.0,21.0,0.0,0.0,0.0,2022.0,2022079N10093
63,0.4444444444444444,0.0,0.38095238095238093,0.0,0.0,59.0,0.3389830508474576,0.0,0.0,2022.0,2022126N07095
6,0.16666666666666666,1.0,0.0,0.0,0.0,2.0,0.0,0.0,0.0,2022.0,2022140N16097
6,0.3333333333333333,1.0,0.0,0.0,0.0,2.0,0.0,0.0,0.0,2022.0,2022221N21086
18,0.3333333333333333,1.0,0.0,0.0,0.0,14.0,0.0,0.0,0.0,2022.0,2022226N22088
45,0.5111111111111111,0.4888888888888889,0.26666666666666666,0.0,0.0,41.0,0.2682926829268293,0.0,0.0,2022.0,2022230N18095
9,0.3333333333333333,1.0,0.0,0.0,0.0,5.0,0.0,0.0,0.0,2022.0,2022254N20085
27,0.25925925925925924,0.07407407407407407,0.1111111111111111,0.0,0.0,23.0,0.08695652173913043,0.0,0.0,2022.0,2022295N13093
17,0.35294117647058826,1.0,0.0,0.0,0.0,13.0,0.0,0.0,0.0,2022.0,2022324N10086
53,0.49056603773584906,0.0,0.41509433962264153,0.0,0.0,49.0,0.3877551020408163,0.0,0.0,2022.0,2022338N05100
26,0.34615384615384615,1.0,0.0,0.0,0.0,22.0,0.0,0.0,0.0,2022.0,2022356N09085
28,0.35714285714285715,1.0,0.0,0.0,0.0,24.0,0.0,0.0,0.0,2023.0,2023030N08087
51,0.21568627450980393,0.0,0.11764705882352941,0.0,0.0,47.0,0.10638297872340426,0.0,0.0,2023.0,2023129N08091
15,1.0,0.0,1.0,0.0,0.0,11.0,1.0,0.0,0.0,2023.0,2023160N20092
31,0.5806451612903226,0.25806451612903225,0.3870967741935484,0.0,0.0,27.0,0.4074074074074074,0.0,0.0,2023.0,2023212N19090
41,0.2926829268292683,0.0,0.2926829268292683,0.0,0.0,37.0,0.2972972972972973,0.0,0.0,2023.0,2023293N12089
39,0.5641025641025641,0.05128205128205128,0.38461538461538464,0.0,0.0,35.0,0.4,0.0,0.0,2023.0,2023317N10094
49,0.30612244897959184,0.0,0.16326530612244897,0.0,0.0,45.0,0.1111111111111111,0.0,0.0,2023.0,2023334N08088
40,0.25,0.05,0.1,0.0,0.0,32.0,0.08823529411764706,0.029411764705882353,0.029411764705882353,2024.0,2024145N14087
10,0.3,1.0,0.0,0.0,0.0,6.0,0.0,0.0,0.0,2024.0,2024201N19086
27,0.37037037037037035,1.0,0.0,0.0,0.0,23.0,0.0,0.0,0.0,2024.0,2024216N24085
19,0.3157894736842105,1.0,0.0,0.0,0.0,15.0,0.0,0.0,0.0,2024.0,2024244N18085
19,0.3157894736842105,1.0,0.0,0.0,0.0,15.0,0.0,0.0,0.0,2024.0,2024252N18087
16,0.375,1.0,0.0,0.0,0.0,12.0,0.0,0.0,0.0,2024.0,2024255N24080
35,0.37142857142857144,1.0,0.0,0.0,0.0,31.0,0.0,0.0,0.0,2024.0,2024258N22091
11,0.36363636363636365,1.0,0.0,0.0,0.0,7.0,0.0,0.0,0.0,2024.0,2024290N11084
39,0.3076923076923077,0.0,0.20512820512820512,0.0,0.0,35.0,0.14285714285714285,0.0,0.0,2024.0,2024295N15092
87,0.5402298850574713,0.0,0.3793103448275862,0.0,0.0,83.0,0.3493975903614458,0.0,0.0,2024.0,2024329N04089
7,0.2857142857142857,1.0,0.0,0.0,0.0,3.0,0.0,0.0,0.0,2024.0,2024356N14084
